CustomerID,Churn,Tenure,PreferredLoginDevice,CityTier,WarehouseToHome,PreferredPaymentMode,Gender,HourSpendOnApp,NumberOfDeviceRegistered,PreferedOrderCat,SatisfactionScore,MaritalStatus,NumberOfAddress,Complain,OrderAmountHikeFromlastYear,CouponUsed,OrderCount,DaySinceLastOrder,CashbackAmount
50001,1,4,Mobile Phone,3,6,Debit Card,Female,3,3,Laptop & Accessory,2,Single,9,1,11,1,1,5,160
50002,1,NULL,Phone,1,8,UPI,Male,3,4,Mobile,3,Single,7,1,15,0,1,0,121
50003,1,NULL,Phone,1,30,Debit Card,Male,2,4,Mobile,3,Single,6,1,14,0,1,3,120
50004,1,0,Phone,3,15,Debit Card,Male,2,4,Laptop & Accessory,5,Single,8,0,23,0,1,3,134
50005,1,0,Phone,1,12,CC,Male,NULL,3,Mobile,5,Single,3,0,11,1,1,3,130
50006,1,0,Computer,1,22,Debit Card,Female,3,5,Mobile Phone,5,Single,2,1,22,4,6,7,139
50007,1,NULL,Phone,3,11,Cash on Delivery,Male,2,3,Laptop & Accessory,2,Divorced,4,0,14,0,1,0,121
50008,1,NULL,Phone,1,6,CC,Male,3,3,Mobile,2,Divorced,3,1,16,2,2,0,123
50009,1,13,Phone,3,9,E wallet,Male,NULL,4,Mobile,3,Divorced,2,1,14,0,1,2,127
50010,1,NULL,Phone,1,31,Debit Card,Male,2,5,Mobile,3,Single,2,0,12,1,1,1,123
50011,1,4,Mobile Phone,1,18,Cash on Delivery,Female,2,3,Others,3,Divorced,2,0,NULL,9,15,8,295
50012,1,11,Mobile Phone,1,6,Debit Card,Male,3,4,Fashion,3,Single,10,1,13,0,1,0,154
50013,1,0,Phone,1,11,COD,Male,2,3,Mobile,3,Single,2,1,13,2,2,2,134
50014,1,0,Phone,1,15,CC,Male,3,4,Mobile,3,Divorced,1,1,17,0,1,0,134
50015,1,9,Mobile Phone,3,15,Credit Card,Male,3,4,Fashion,2,Single,2,0,16,0,4,7,196
50016,1,NULL,Phone,2,12,UPI,Male,3,3,Mobile,5,Married,5,1,22,1,1,2,121
50017,1,0,Computer,1,12,Debit Card,Female,NULL,4,Mobile,2,Single,2,1,18,1,1,0,129
50018,1,0,Mobile Phone,3,11,E wallet,Male,2,4,Laptop & Accessory,3,Single,2,1,11,1,1,3,157
50019,1,0,Computer,1,13,Debit Card,Male,3,5,Laptop & Accessory,3,Single,2,1,24,1,1,6,161
50020,1,19,Mobile Phone,1,20,Debit Card,Female,3,3,Mobile Phone,4,Divorced,10,1,18,1,4,3,150
50021,1,0,Mobile Phone,3,12,Debit Card,Male,3,5,Laptop & Accessory,3,Divorced,5,1,18,6,7,7,162
50022,1,20,Mobile Phone,1,29,Credit Card,Female,3,3,Fashion,2,Divorced,2,0,12,11,15,6,203
50023,1,NULL,Mobile Phone,3,28,E wallet,Male,2,3,Mobile Phone,3,Single,2,1,19,0,1,0,117
50024,1,0,Phone,3,26,Debit Card,Female,3,5,Laptop & Accessory,3,Divorced,4,1,11,1,2,2,146
50025,1,14,Computer,1,14,Debit Card,Male,2,5,Fashion,2,Single,3,0,15,0,1,3,207
50026,1,0,Phone,1,15,Credit Card,Female,2,3,Mobile Phone,5,Single,8,0,22,1,1,4,142
50027,0,8,Mobile Phone,3,6,E wallet,Male,3,3,Fashion,4,Divorced,2,0,13,1,1,6,173
50028,0,NULL,Phone,3,12,E wallet,Male,2,3,Laptop & Accessory,3,Divorced,3,1,20,0,4,5,123
50029,0,18,Phone,1,NULL,Debit Card,Male,2,3,Laptop & Accessory,4,Married,9,0,18,1,1,15,123
50030,0,5,Computer,3,14,E wallet,Female,2,3,Fashion,2,Single,2,0,14,2,3,7,190
50031,0,2,Computer,1,6,COD,Male,2,3,Laptop & Accessory,3,Divorced,2,0,13,0,1,9,143
50032,0,0,Mobile Phone,1,13,Credit Card,Male,2,4,Laptop & Accessory,3,Divorced,3,0,17,1,1,0,161
50033,0,30,Phone,1,15,CC,Female,3,4,Mobile,4,Divorced,5,1,20,1,1,0,133
50034,0,13,Mobile Phone,3,10,E wallet,Male,3,4,Fashion,2,Divorced,8,0,11,2,2,11,209
50035,0,NULL,Computer,3,8,E wallet,Female,3,3,Mobile,3,Divorced,7,0,18,1,1,2,122
50036,0,0,Phone,1,NULL,CC,Male,3,3,Mobile,2,Divorced,2,0,24,0,2,2,123
50037,0,NULL,Computer,1,15,CC,Male,2,3,Mobile,4,Married,7,0,18,0,2,2,120
50038,0,1,Phone,1,27,CC,Male,NULL,3,Mobile,2,Divorced,2,0,11,0,1,2,127
50039,0,30,Mobile Phone,1,30,Debit Card,Male,2,2,Fashion,2,Married,4,1,16,1,1,4,194
50040,0,0,Computer,1,NULL,CC,Male,3,4,Mobile,3,Married,2,1,15,0,1,1,126
50041,0,23,Mobile Phone,1,17,Debit Card,Female,2,3,Others,4,Single,4,0,NULL,2,4,4,299
50042,0,14,Phone,1,NULL,Debit Card,Male,2,3,Mobile,3,Married,5,0,12,1,1,8,125
50043,0,3,Mobile Phone,3,11,Debit Card,Female,2,3,Fashion,2,Divorced,3,0,12,2,7,4,194
50044,0,11,Mobile Phone,3,6,Debit Card,Female,2,4,Laptop & Accessory,2,Single,5,0,22,1,1,1,187
50045,0,5,Phone,1,12,Debit Card,Male,NULL,3,Mobile,3,Single,4,0,20,0,1,4,130
50046,0,0,Phone,1,23,COD,Male,NULL,3,Mobile,4,Divorced,1,1,16,1,1,1,131
50047,1,0,Computer,3,NULL,COD,Female,3,5,Mobile,5,Single,1,0,21,1,1,0,123
50048,0,NULL,Computer,1,9,CC,Male,1,3,Mobile,4,Single,5,0,12,4,7,2,121
50049,0,3,Computer,1,15,CC,Male,NULL,3,Laptop & Accessory,5,Married,2,0,11,0,6,10,131
50050,0,18,Mobile Phone,3,10,Debit Card,Female,1,3,Laptop & Accessory,5,Married,5,1,11,0,1,3,150
50051,0,29,Phone,1,14,Debit Card,Female,3,3,Mobile Phone,5,Married,5,1,18,1,2,2,143
50052,0,6,Phone,1,NULL,Debit Card,Male,2,3,Mobile,2,Single,1,0,14,0,1,2,125
50053,1,0,Mobile Phone,1,8,Debit Card,Male,2,4,Mobile Phone,2,Single,2,0,22,0,1,0,111
50054,0,19,Mobile Phone,3,6,E wallet,Female,3,3,Fashion,5,Married,2,0,25,4,15,7,205
50055,0,NULL,Phone,1,15,Debit Card,Female,3,3,Mobile,2,Single,2,0,12,1,2,1,123
50056,0,4,Phone,1,18,Credit Card,Female,3,3,Mobile Phone,2,Divorced,9,1,23,1,1,2,139
50057,0,NULL,Phone,1,33,CC,Female,3,3,Mobile,4,Single,3,0,15,1,1,2,123
50058,1,4,Phone,3,26,E wallet,Female,NULL,3,Mobile,4,Single,2,1,22,0,1,2,131
50059,0,23,Phone,1,6,Credit Card,Male,2,4,Mobile Phone,3,Divorced,3,0,15,0,1,2,137
50060,0,26,Phone,1,19,Credit Card,Female,2,2,Laptop & Accessory,5,Married,2,0,11,1,1,3,145
50061,0,6,Phone,1,20,CC,Female,NULL,3,Mobile,4,Divorced,2,0,13,0,1,6,128
50062,0,13,Mobile Phone,1,10,Credit Card,Female,2,3,Others,3,Divorced,2,0,14,NULL,9,9,290
50063,0,28,Mobile Phone,1,20,Credit Card,Male,3,2,Others,4,Single,9,0,11,NULL,2,15,287
50064,0,7,Computer,1,8,Debit Card,Male,2,4,Laptop & Accessory,3,Divorced,2,0,17,0,1,9,195
50065,0,24,Mobile Phone,1,9,Credit Card,Female,3,3,Grocery,4,Single,4,0,18,0,NULL,0,237
50066,0,25,Mobile Phone,1,6,Debit Card,Male,3,4,Others,3,Divorced,1,0,NULL,1,11,9,300
50067,0,NULL,Phone,1,15,CC,Female,2,3,Mobile,4,Single,2,0,16,1,1,3,123
50068,1,0,Mobile Phone,1,29,Debit Card,Male,2,4,Laptop & Accessory,3,Divorced,4,1,13,1,1,1,159
50069,0,NULL,Computer,1,13,CC,Male,2,2,Mobile,2,Married,5,0,14,0,2,2,121
50070,0,18,Computer,1,8,Credit Card,Male,3,4,Grocery,2,Divorced,10,0,23,NULL,11,8,268
50071,0,10,Phone,1,27,Debit Card,Male,3,2,Mobile Phone,5,Divorced,2,1,12,0,1,7,136
50072,0,8,Computer,1,8,Credit Card,Female,2,3,Laptop & Accessory,4,Single,6,0,11,1,1,2,144
50073,0,15,Computer,1,27,Credit Card,Female,2,3,Laptop & Accessory,3,Married,3,0,16,0,1,2,153
50074,0,11,Mobile Phone,1,8,Debit Card,Male,2,3,Laptop & Accessory,3,Divorced,10,0,14,0,1,0,166
50075,0,11,Mobile Phone,1,35,COD,Male,2,3,Laptop & Accessory,2,Divorced,4,0,18,0,1,7,163
50076,0,0,Computer,1,6,COD,Male,2,4,Laptop & Accessory,5,Divorced,6,0,19,0,2,0,143
50077,0,22,Computer,1,24,Debit Card,Male,3,3,Laptop & Accessory,2,Married,2,1,15,0,1,7,168
50078,0,7,Computer,1,16,Credit Card,Male,2,3,Mobile Phone,3,Married,2,1,17,2,2,0,138
50079,0,13,Phone,1,25,CC,Male,NULL,3,Laptop & Accessory,2,Divorced,9,1,15,1,3,7,127
50080,1,1,Mobile Phone,1,35,Credit Card,Male,3,3,Laptop & Accessory,5,Divorced,8,1,19,0,1,0,167
50081,1,0,Mobile Phone,3,33,E wallet,Female,2,3,Fashion,2,Divorced,2,0,22,1,1,9,176
50082,0,0,Phone,1,NULL,Debit Card,Male,2,2,Mobile,4,Married,2,1,16,0,2,2,123
50083,0,NULL,Computer,1,24,CC,Female,3,3,Mobile,2,Single,2,0,13,1,1,7,122
50084,0,13,Computer,1,15,Debit Card,Male,3,4,Laptop & Accessory,2,Divorced,10,0,14,1,1,2,149
50085,0,19,Mobile Phone,1,6,Credit Card,Male,3,3,Fashion,5,Married,8,0,16,0,1,3,194
50086,1,0,Mobile Phone,3,10,Credit Card,Male,2,5,Fashion,2,Divorced,2,0,11,7,9,8,204
50087,0,3,Computer,1,6,Debit Card,Male,2,4,Fashion,3,Single,2,0,22,2,5,8,185
50088,0,0,Computer,3,26,Debit Card,Female,2,3,Laptop & Accessory,3,Single,2,0,14,1,1,7,200
50089,0,24,Mobile Phone,1,14,Debit Card,Male,2,4,Fashion,4,Divorced,6,0,16,1,4,NULL,225
50090,1,0,Phone,1,NULL,COD,Female,2,3,Mobile,5,Single,6,1,11,1,1,4,127
50091,0,14,Mobile Phone,3,12,Debit Card,Female,3,3,Fashion,2,Single,4,1,18,0,NULL,0,236
50092,1,0,Computer,3,32,E wallet,Female,2,4,Laptop & Accessory,5,Single,6,0,15,0,1,1,167
50093,1,NULL,Phone,1,6,Cash on Delivery,Male,2,3,Mobile,3,Single,1,0,14,0,1,5,121
50094,0,18,Computer,3,12,Credit Card,Female,2,4,Fashion,2,Single,7,0,12,12,12,8,189
50095,0,27,Mobile Phone,3,9,E wallet,Female,2,3,Laptop & Accessory,5,Divorced,3,0,14,1,1,5,159
50096,0,9,Mobile Phone,1,11,Debit Card,Male,3,3,Laptop & Accessory,4,Single,9,0,16,0,3,7,159
50097,0,6,Phone,1,NULL,CC,Female,2,4,Mobile,4,Divorced,7,0,21,0,1,1,126
50098,0,10,Computer,1,17,UPI,Male,2,3,Fashion,2,Married,2,1,14,0,1,NULL,222
50099,0,11,Mobile Phone,3,9,Debit Card,Male,3,3,Fashion,3,Married,1,0,12,1,5,13,206
50100,0,4,Computer,1,6,Credit Card,Male,2,5,Laptop & Accessory,3,Divorced,1,0,12,1,1,4,143
50101,0,NULL,Phone,1,9,Debit Card,Male,3,4,Mobile,2,Divorced,4,0,17,0,1,0,122
50102,0,10,Computer,3,10,E wallet,Male,2,3,Mobile Phone,2,Married,5,0,17,1,5,8,0
50103,0,2,Computer,3,6,Credit Card,Female,2,3,Fashion,2,Divorced,2,0,14,4,4,1,179
50104,0,8,Computer,3,6,E wallet,Female,3,3,Fashion,3,Single,2,0,14,1,1,8,188
50105,1,0,Phone,1,NULL,CC,Male,2,4,Mobile,2,Single,2,1,13,0,1,1,124
50106,0,25,Phone,1,8,Debit Card,Female,2,4,Mobile,2,Single,8,0,15,0,2,2,132
50107,0,15,Mobile Phone,1,10,Cash on Delivery,Male,2,3,Others,2,Divorced,2,0,NULL,0,11,15,292
50108,0,NULL,Phone,2,12,CC,Male,2,3,Mobile,3,Divorced,9,0,17,2,2,2,123
50109,0,23,Mobile Phone,3,6,Credit Card,Female,3,3,Others,2,Married,4,0,NULL,1,1,6,295
50110,1,0,Phone,1,NULL,CC,Male,2,3,Mobile,2,Divorced,6,1,13,0,1,4,124
50111,0,16,Mobile Phone,3,22,E wallet,Female,3,3,Grocery,2,Divorced,6,1,22,0,NULL,9,261
50112,1,0,Phone,1,8,Debit Card,Female,NULL,3,Mobile,5,Divorced,8,0,20,1,1,7,127
50113,0,25,Computer,3,8,Debit Card,Male,3,4,Others,3,Single,2,1,18,NULL,15,12,291
50114,0,5,Phone,3,10,Debit Card,Female,2,3,Mobile Phone,4,Divorced,3,0,11,1,1,2,139
50115,1,0,Phone,1,6,Debit Card,Male,3,4,Mobile Phone,3,Single,1,1,14,1,1,2,137
50116,0,NULL,Phone,1,6,CC,Female,3,3,Mobile,3,Married,8,0,14,0,1,2,122
50117,0,5,Computer,3,32,E wallet,Male,3,3,Laptop & Accessory,2,Divorced,1,0,18,1,2,2,145
50118,0,14,Phone,1,25,Debit Card,Male,NULL,3,Laptop & Accessory,5,Married,3,0,16,1,1,0,131
50119,0,13,Phone,1,30,COD,Male,3,3,Laptop & Accessory,2,Married,2,0,17,2,4,7,133
50120,0,18,Mobile Phone,1,6,UPI,Male,3,2,Others,2,Divorced,1,0,NULL,1,1,7,292
50121,0,4,Computer,1,9,Credit Card,Male,3,3,Fashion,3,Married,10,0,12,1,NULL,2,237
50122,0,6,Phone,1,11,Debit Card,Female,NULL,4,Mobile,2,Divorced,2,0,13,0,1,2,129
50123,0,7,Mobile Phone,1,8,Debit Card,Male,2,4,Laptop & Accessory,5,Divorced,7,0,13,0,5,9,160
50124,0,10,Phone,1,6,Credit Card,Female,2,4,Mobile Phone,5,Divorced,3,0,14,1,1,2,139
50125,0,18,Computer,1,13,Debit Card,Male,3,2,Laptop & Accessory,3,Divorced,5,0,17,0,1,2,164
50126,1,0,Computer,1,16,Credit Card,Male,3,3,Fashion,3,Married,7,0,11,1,1,0,200
50127,0,12,Computer,1,8,Cash on Delivery,Female,3,3,Fashion,3,Single,1,0,25,10,11,NULL,209
50128,0,2,Phone,1,NULL,Debit Card,Male,2,3,Mobile,2,Single,2,0,19,0,1,5,123
50129,0,15,Mobile Phone,1,23,Debit Card,Female,2,2,Laptop & Accessory,5,Single,4,1,13,0,1,2,165
50130,0,2,Mobile Phone,3,26,E wallet,Male,2,3,Laptop & Accessory,2,Married,3,0,14,1,1,2,169
50131,0,0,Phone,1,6,Debit Card,Female,3,3,Laptop & Accessory,3,Divorced,1,0,12,1,1,2,149
50132,0,15,Phone,1,NULL,CC,Female,2,4,Mobile,5,Married,1,1,11,4,7,8,126
50133,0,13,Mobile Phone,1,8,Credit Card,Male,2,3,Others,3,Married,1,0,NULL,0,3,9,294
50134,0,24,Phone,1,6,Debit Card,Male,NULL,3,Mobile,2,Divorced,2,0,11,1,1,0,127
50135,1,0,Computer,1,35,CC,Male,3,4,Mobile,4,Single,1,0,11,1,1,4,135
50136,0,5,Computer,1,13,Debit Card,Male,NULL,2,Mobile,4,Divorced,2,0,20,0,1,3,128
50137,0,11,Computer,3,8,Debit Card,Male,2,4,Laptop & Accessory,2,Divorced,4,0,18,6,7,5,152
50138,0,NULL,Phone,1,8,Cash on Delivery,Male,2,4,Laptop & Accessory,5,Single,5,0,13,0,1,4,122
50139,0,19,Mobile Phone,3,8,Cash on Delivery,Female,3,5,Grocery,4,Divorced,4,1,12,NULL,7,7,269
50140,1,0,Phone,1,8,Debit Card,Male,3,3,Mobile,3,Single,3,0,11,1,1,0,135
50141,0,2,Mobile Phone,3,8,Credit Card,Male,3,4,Laptop & Accessory,4,Divorced,3,0,19,0,1,0,166
50142,0,4,Mobile Phone,1,29,Credit Card,Male,3,4,Laptop & Accessory,2,Divorced,1,0,21,1,7,8,156
50143,0,0,Computer,1,11,Debit Card,Male,2,2,Laptop & Accessory,5,Married,2,0,12,1,1,5,140
50144,0,18,Mobile Phone,1,26,Credit Card,Male,3,3,Grocery,2,Divorced,1,1,14,0,NULL,10,235
50145,0,9,Phone,1,12,Debit Card,Male,2,3,Mobile,2,Divorced,1,0,11,4,10,11,132
50146,0,28,Mobile Phone,1,6,Credit Card,Male,2,3,Others,5,Single,1,1,14,NULL,4,13,290
50147,1,10,Computer,1,35,Debit Card,Male,2,3,Fashion,4,Divorced,2,1,12,5,9,NULL,218
50148,0,NULL,Phone,1,15,CC,Male,3,3,Mobile,2,Divorced,2,0,23,1,1,4,121
50149,0,10,Mobile Phone,3,12,Credit Card,Male,3,3,Laptop & Accessory,2,Divorced,5,0,14,0,1,1,165
50150,0,0,Phone,1,9,CC,Male,3,4,Mobile,3,Single,2,0,17,1,1,0,132
50151,0,10,Computer,1,6,Credit Card,Female,0,3,Fashion,2,Married,3,1,18,0,NULL,2,236
50152,0,2,Mobile Phone,1,28,Debit Card,Female,3,2,Fashion,4,Married,8,0,18,5,6,NULL,220
50153,0,11,Mobile Phone,3,13,Credit Card,Female,2,2,Laptop & Accessory,5,Married,2,1,24,0,7,7,156
50154,0,0,Computer,1,6,Debit Card,Female,2,3,Laptop & Accessory,4,Married,2,0,20,0,1,4,164
50155,0,23,Mobile Phone,1,10,Debit Card,Male,3,3,Others,4,Married,4,0,14,NULL,1,6,291
50156,0,26,Mobile Phone,1,9,Credit Card,Male,2,3,Grocery,3,Divorced,4,1,16,NULL,1,3,276
50157,0,15,Phone,3,6,Debit Card,Male,2,3,Laptop & Accessory,3,Divorced,2,0,25,4,11,6,149
50158,0,2,Computer,3,8,Debit Card,Male,2,3,Laptop & Accessory,2,Single,2,0,18,0,1,9,146
50159,0,28,Mobile Phone,1,26,COD,Male,2,3,Laptop & Accessory,2,Divorced,4,1,19,1,1,8,154
50160,0,0,Computer,1,17,Credit Card,Male,2,3,Laptop & Accessory,5,Divorced,2,1,13,2,3,3,147
50161,0,NULL,Phone,1,6,Debit Card,Female,2,3,Mobile,2,Single,2,0,12,1,5,7,121
50162,1,7,Computer,1,30,Debit Card,Male,NULL,3,Mobile,3,Married,4,1,22,0,1,0,132
50163,0,11,Mobile Phone,1,29,Debit Card,Male,2,3,Laptop & Accessory,2,Married,10,0,14,0,1,2,157
50164,1,0,Phone,1,NULL,CC,Male,2,3,Mobile,4,Married,3,1,13,1,1,2,124
50165,0,1,Phone,1,14,Debit Card,Female,3,3,Mobile,2,Single,2,0,21,0,1,2,133
50166,0,22,Computer,1,16,Debit Card,Female,2,3,Others,5,Single,10,1,11,NULL,1,2,287
50167,0,9,Phone,1,9,COD,Male,1,3,Laptop & Accessory,4,Single,5,0,12,6,7,7,145
50168,0,4,Computer,3,11,E wallet,Female,NULL,3,Mobile,4,Married,2,0,11,0,2,2,128
50169,1,0,Mobile Phone,3,10,E wallet,Male,2,4,Laptop & Accessory,2,Single,2,1,12,7,7,4,158
50170,0,10,Computer,1,NULL,CC,Male,2,3,Mobile,2,Divorced,2,1,12,0,1,2,123
50171,0,15,Computer,3,32,E wallet,Female,3,3,Grocery,4,Divorced,6,0,14,2,NULL,8,235
50172,1,NULL,Mobile Phone,1,9,Debit Card,Male,2,3,Mobile Phone,3,Single,2,0,13,0,1,0,114
50173,0,8,Mobile Phone,3,22,E wallet,Male,3,3,Fashion,4,Divorced,1,0,15,3,6,9,180
50174,0,9,Computer,1,24,Debit Card,Male,2,2,Mobile Phone,2,Divorced,5,0,18,0,1,0,137
50175,0,24,Mobile Phone,1,8,Credit Card,Male,2,5,Laptop & Accessory,4,Married,6,0,18,0,1,2,155
50176,0,14,Mobile Phone,3,8,Debit Card,Male,2,3,Grocery,4,Single,2,0,19,1,NULL,4,260
50177,0,0,Mobile Phone,3,16,Credit Card,Female,3,4,Mobile Phone,3,Single,2,0,12,1,1,0,112
50178,0,1,Mobile Phone,1,22,Credit Card,Male,3,2,Laptop & Accessory,5,Single,1,0,19,0,1,7,157
50179,0,4,Mobile Phone,3,13,COD,Male,3,2,Laptop & Accessory,2,Divorced,5,0,11,3,7,7,169
50180,0,12,Mobile Phone,1,6,Credit Card,Male,2,2,Fashion,2,Married,1,0,17,3,3,7,196
50181,0,9,Computer,1,30,Debit Card,Female,2,3,Laptop & Accessory,4,Divorced,8,0,15,0,1,8,157
50182,0,5,Mobile Phone,3,13,Debit Card,Male,3,4,Laptop & Accessory,3,Divorced,2,0,14,1,4,8,155
50183,0,11,Mobile Phone,1,31,Debit Card,Female,2,4,Fashion,4,Divorced,4,0,17,1,1,NULL,221
50184,0,30,Computer,1,6,Debit Card,Male,2,5,Laptop & Accessory,3,Married,3,1,13,1,1,2,157
50185,0,4,Phone,1,11,COD,Male,2,3,Mobile Phone,2,Divorced,1,1,12,0,1,3,148
50186,0,4,Mobile Phone,2,8,UPI,Male,3,4,Laptop & Accessory,5,Divorced,4,0,12,0,1,0,164
50187,0,18,Computer,1,13,Debit Card,Male,3,3,Fashion,5,Married,2,0,18,5,9,11,152
50188,0,4,Phone,1,8,Debit Card,Male,NULL,3,Mobile,2,Married,1,1,18,1,2,2,127
50189,0,6,Computer,1,11,Debit Card,Female,3,3,Fashion,4,Divorced,7,0,11,2,8,NULL,219
50190,0,12,Mobile Phone,1,16,Credit Card,Male,2,3,Grocery,5,Divorced,2,1,14,NULL,11,10,271
50191,0,16,Computer,1,NULL,Debit Card,Female,2,3,Mobile,2,Single,1,0,19,0,1,7,125
50192,0,22,Mobile Phone,1,6,Cash on Delivery,Female,2,4,Grocery,3,Single,8,1,12,1,NULL,7,240
50193,1,15,Phone,1,14,Credit Card,Male,2,4,Laptop & Accessory,4,Divorced,3,0,15,7,7,7,149
50194,0,0,Phone,1,NULL,Debit Card,Female,2,3,Mobile,4,Single,2,1,12,0,1,2,125
50195,0,5,Mobile Phone,3,14,COD,Female,3,4,Laptop & Accessory,4,Divorced,2,1,11,6,11,9,152
50196,0,0,Phone,3,8,Debit Card,Male,3,3,Laptop & Accessory,3,Single,2,1,11,1,1,4,145
50197,0,4,Mobile Phone,3,13,E wallet,Male,3,3,Laptop & Accessory,2,Married,5,0,12,0,1,7,175
50198,0,5,Mobile Phone,1,8,Credit Card,Female,3,2,Laptop & Accessory,2,Single,8,0,16,1,1,7,151
50199,1,0,Phone,1,8,CC,Male,2,5,Mobile,2,Divorced,6,1,13,2,2,2,135
50200,0,3,Mobile Phone,1,34,Credit Card,Female,3,3,Laptop & Accessory,2,Divorced,2,0,13,0,1,9,158
50201,0,4,Computer,1,13,Debit Card,Female,2,4,Fashion,3,Divorced,2,0,24,3,8,9,189
50202,0,12,Computer,1,5,Credit Card,Male,2,4,Others,2,Divorced,2,0,NULL,9,13,3,293
50203,1,2,Mobile Phone,3,9,Credit Card,Female,2,3,Laptop & Accessory,3,Divorced,5,1,18,1,1,0,152
50204,0,6,Computer,3,16,E wallet,Male,2,4,Laptop & Accessory,2,Single,4,0,14,1,1,1,147
50205,0,20,Mobile Phone,1,11,Debit Card,Male,2,3,Others,3,Divorced,5,0,11,NULL,1,1,283
50206,0,16,Computer,1,16,Debit Card,Female,2,4,Laptop & Accessory,3,Married,2,0,11,0,1,0,153
50207,0,0,Computer,3,6,E wallet,Male,3,3,Laptop & Accessory,4,Divorced,1,1,13,0,1,4,163
50208,0,27,Computer,1,26,Debit Card,Female,2,3,Laptop & Accessory,3,Single,4,0,12,1,1,3,149
50209,0,16,Mobile Phone,1,13,Debit Card,Female,2,3,Fashion,5,Divorced,9,0,16,1,1,0,200
50210,0,18,Phone,1,14,UPI,Male,3,3,Laptop & Accessory,2,Divorced,10,0,14,7,9,8,137
50211,0,13,Mobile Phone,3,6,Credit Card,Male,2,5,Laptop & Accessory,2,Divorced,3,1,22,1,1,2,175
50212,1,NULL,Phone,1,14,UPI,Male,3,5,Mobile,5,Divorced,2,1,11,1,1,7,121
50213,0,2,Phone,1,15,UPI,Male,1,4,Mobile Phone,2,Single,1,0,17,2,2,2,140
50214,0,3,Mobile Phone,3,11,E wallet,Female,1,4,Laptop & Accessory,3,Married,2,0,13,0,1,2,161
50215,0,0,Mobile Phone,3,14,E wallet,Female,2,3,Laptop & Accessory,4,Divorced,2,0,18,0,1,7,162
50216,0,10,Mobile Phone,1,11,Credit Card,Male,3,3,Laptop & Accessory,2,Married,8,0,16,0,1,4,163
50217,0,11,Mobile Phone,1,21,Debit Card,Male,3,4,Fashion,2,Married,1,1,14,1,2,NULL,215
50218,0,4,Mobile Phone,1,13,Credit Card,Female,2,3,Fashion,2,Single,2,1,14,2,4,10,171
50219,0,2,Mobile Phone,3,16,E wallet,Female,2,4,Laptop & Accessory,4,Married,2,1,14,0,1,7,183
50220,0,8,Mobile Phone,1,11,COD,Male,3,3,Fashion,4,Single,1,0,13,0,1,13,181
50221,0,0,Phone,1,32,Debit Card,Male,NULL,3,Mobile,2,Married,2,0,12,1,1,2,129
50222,0,14,Mobile Phone,1,12,Credit Card,Male,3,4,Laptop & Accessory,4,Single,7,1,15,1,1,2,160
50223,0,20,Computer,3,10,CC,Male,NULL,3,Laptop & Accessory,3,Single,4,0,19,0,1,0,130
50224,0,15,Mobile Phone,1,29,Debit Card,Female,2,3,Grocery,2,Single,3,0,14,0,NULL,0,260
50225,0,2,Computer,3,8,Debit Card,Male,3,3,Laptop & Accessory,3,Divorced,2,0,14,1,1,2,146
50226,0,15,Phone,2,8,COD,Male,NULL,3,Mobile,3,Married,1,1,11,1,1,0,127
50227,0,5,Phone,1,NULL,CC,Female,3,3,Mobile,4,Divorced,2,0,13,0,1,7,124
50228,0,21,Mobile Phone,3,35,Credit Card,Female,3,3,Fashion,3,Divorced,4,0,21,0,1,NULL,225
50229,0,10,Mobile Phone,1,12,Credit Card,Male,2,2,Laptop & Accessory,5,Married,5,1,13,2,6,7,160
50230,0,3,Computer,3,31,COD,Female,2,3,Laptop & Accessory,3,Divorced,8,1,12,1,2,2,147
50231,0,0,Mobile Phone,3,6,Debit Card,Male,2,3,Laptop & Accessory,3,Divorced,2,0,17,2,7,7,153
50232,0,15,Mobile Phone,1,8,UPI,Male,3,4,Laptop & Accessory,2,Single,4,0,23,0,1,0,168
50233,1,NULL,Computer,3,6,Cash on Delivery,Female,2,4,Mobile,4,Single,2,1,11,1,1,2,122
50234,0,9,Computer,3,6,Credit Card,Female,2,3,Laptop & Accessory,2,Single,5,0,15,1,1,0,167
50235,0,9,Computer,3,9,Credit Card,Male,2,4,Fashion,2,Divorced,5,0,11,0,1,12,197
50236,0,30,Mobile Phone,1,6,Credit Card,Male,2,3,Laptop & Accessory,3,Divorced,3,0,11,1,1,2,168
50237,0,NULL,Phone,1,16,Debit Card,Female,2,2,Mobile,3,Divorced,4,1,13,0,1,7,122
50238,0,0,Computer,3,NULL,CC,Male,2,3,Mobile,2,Single,2,0,24,0,2,2,126
50239,1,0,Phone,3,11,E wallet,Female,NULL,3,Mobile,3,Single,2,1,13,1,1,0,129
50240,0,10,Phone,1,16,CC,Female,3,3,Mobile,5,Divorced,7,0,20,1,1,3,135
50241,0,19,Computer,1,13,Credit Card,Female,1,3,Laptop & Accessory,3,Divorced,3,0,14,0,1,0,153
50242,1,4,Computer,3,10,E wallet,Male,2,3,Laptop & Accessory,4,Single,2,0,18,7,7,7,194
50243,0,23,Mobile Phone,1,16,Cash on Delivery,Male,3,4,Fashion,2,Single,7,0,15,0,1,3,205
50244,1,3,Mobile Phone,3,28,E wallet,Male,3,4,Laptop & Accessory,3,Divorced,3,1,12,1,1,0,164
50245,0,4,Phone,1,NULL,Debit Card,Male,2,4,Mobile,4,Single,1,1,16,1,2,2,127
50246,1,0,Phone,3,18,Debit Card,Female,NULL,2,Mobile,4,Single,2,0,15,0,1,0,127
50247,0,NULL,Phone,1,29,Debit Card,Male,2,3,Mobile,2,Single,10,0,16,1,1,2,122
50248,0,8,Mobile Phone,1,15,Debit Card,Male,3,4,Laptop & Accessory,4,Single,10,0,19,1,1,0,165
50249,0,0,Phone,1,6,Credit Card,Male,2,3,Mobile Phone,4,Married,2,0,11,0,1,4,138
50250,0,1,Mobile Phone,3,15,Debit Card,Male,3,3,Laptop & Accessory,2,Single,2,0,16,1,1,7,153
50251,0,22,Phone,1,13,UPI,Male,2,4,Fashion,3,Single,9,0,24,1,1,0,145
50252,0,24,Phone,3,20,Debit Card,Female,2,3,Laptop & Accessory,2,Divorced,5,0,11,0,1,7,149
50253,0,9,Phone,1,NULL,Debit Card,Female,3,3,Mobile,3,Divorced,5,0,13,1,2,2,125
50254,1,0,Computer,3,25,E wallet,Male,3,2,Laptop & Accessory,2,Single,9,1,13,1,1,4,153
50255,0,28,Mobile Phone,1,8,Debit Card,Female,3,3,Grocery,2,Single,3,1,13,NULL,1,2,267
50256,0,0,Phone,3,16,E wallet,Female,3,3,Laptop & Accessory,3,Married,2,1,12,0,1,3,143
50257,0,3,Phone,3,NULL,COD,Male,3,3,Mobile,4,Divorced,2,0,18,1,1,0,125
50258,1,0,Computer,1,9,COD,Male,NULL,3,Mobile,5,Single,1,0,22,0,1,4,131
50259,0,NULL,Phone,1,17,CC,Female,2,3,Mobile,4,Divorced,2,0,13,1,1,2,122
50260,0,9,Mobile Phone,3,8,Credit Card,Male,3,4,Fashion,3,Divorced,2,0,13,9,9,0,176
50261,1,NULL,Computer,1,10,COD,Male,2,3,Mobile,2,Single,19,1,23,1,1,0,123
50262,0,10,Phone,1,20,Debit Card,Female,NULL,3,Mobile,5,Married,2,0,12,3,12,17,130
50263,0,13,Mobile Phone,3,8,E wallet,Female,2,3,Laptop & Accessory,4,Married,8,0,12,0,1,3,157
50264,0,15,Phone,1,NULL,Debit Card,Female,3,3,Mobile,5,Married,4,0,16,1,1,2,126
50265,0,10,Phone,1,16,Debit Card,Male,2,3,Laptop & Accessory,4,Single,3,1,12,0,1,1,142
50266,0,16,Mobile Phone,1,18,Debit Card,Male,2,4,Grocery,4,Married,2,0,11,0,NULL,9,243
50267,0,13,Phone,1,8,CC,Female,3,4,Laptop & Accessory,3,Divorced,7,0,22,1,1,0,134
50268,0,27,Mobile Phone,1,11,Credit Card,Male,2,3,Others,5,Divorced,5,0,NULL,1,1,2,294
50269,0,7,Computer,3,10,E wallet,Female,3,3,Laptop & Accessory,3,Divorced,10,0,15,1,1,2,165
50270,0,4,Phone,1,13,Credit Card,Female,2,3,Laptop & Accessory,5,Divorced,2,0,12,3,3,12,143
50271,0,NULL,Computer,1,27,CC,Male,3,3,Mobile,2,Divorced,8,0,20,0,1,2,123
50272,0,16,Phone,1,14,UPI,Female,3,3,Laptop & Accessory,3,Married,5,1,14,0,1,2,145
50273,0,0,Phone,3,10,Debit Card,Female,2,4,Laptop & Accessory,2,Single,2,1,11,0,1,3,145
50274,0,10,Computer,1,31,Credit Card,Female,3,3,Laptop & Accessory,3,Divorced,4,1,15,3,10,7,144
50275,0,NULL,Phone,1,6,Debit Card,Male,3,4,Mobile,5,Divorced,2,0,12,0,3,2,122
50276,0,12,Computer,1,6,Debit Card,Male,2,3,Others,3,Married,2,1,14,0,1,6,292
50277,0,29,Computer,3,12,Debit Card,Female,2,2,Grocery,5,Divorced,10,0,11,2,NULL,7,232
50278,0,3,Mobile Phone,3,18,COD,Female,2,3,Laptop & Accessory,3,Single,1,0,11,3,4,4,166
50279,0,14,Mobile Phone,3,6,E wallet,Male,2,2,Fashion,5,Divorced,2,0,16,1,1,7,184
50280,0,1,Phone,1,23,Credit Card,Male,3,3,Laptop & Accessory,5,Married,2,0,12,0,1,8,146
50281,1,0,Phone,1,9,Credit Card,Male,3,3,Mobile Phone,5,Divorced,6,0,13,1,1,2,140
50282,0,25,Mobile Phone,1,9,Credit Card,Male,2,4,Fashion,3,Divorced,3,1,14,0,1,4,180
50283,0,18,Phone,1,NULL,Debit Card,Male,3,3,Mobile,2,Divorced,4,0,21,1,1,2,127
50284,0,25,Mobile Phone,1,10,Debit Card,Female,1,3,Grocery,2,Divorced,3,0,13,NULL,1,4,266
50285,0,15,Computer,1,35,Debit Card,Female,3,3,Laptop & Accessory,3,Married,3,0,11,1,1,2,146
50286,0,3,Mobile Phone,1,8,Debit Card,Female,2,5,Laptop & Accessory,2,Single,3,0,20,0,1,2,161
50287,0,30,Mobile Phone,1,13,Debit Card,Female,2,3,Others,5,Divorced,6,0,NULL,0,11,10,296
50288,0,19,Phone,1,24,Credit Card,Female,2,3,Laptop & Accessory,3,Married,3,0,14,0,1,8,148
50289,0,15,Computer,1,34,COD,Female,2,4,Laptop & Accessory,2,Divorced,1,0,11,0,1,4,145
50290,1,0,Phone,3,6,COD,Female,3,3,Mobile,4,Single,2,1,16,1,1,4,132
50291,1,0,Computer,3,NULL,E wallet,Female,2,5,Mobile,3,Married,1,0,16,1,1,0,124
50292,0,NULL,Computer,1,8,Debit Card,Male,2,3,Mobile Phone,2,Divorced,2,1,23,1,1,0,117
50293,0,13,Mobile Phone,3,8,Debit Card,Female,3,3,Others,3,Divorced,1,0,14,NULL,1,12,280
50294,0,0,Phone,1,29,Debit Card,Female,NULL,3,Mobile,2,Married,2,0,22,1,1,2,129
50295,0,NULL,Computer,1,9,Debit Card,Male,2,3,Mobile,2,Divorced,5,0,15,0,1,4,121
50296,0,2,Mobile Phone,1,9,Credit Card,Male,3,4,Fashion,3,Divorced,2,0,18,1,1,NULL,219
50297,1,0,Phone,1,NULL,COD,Female,3,4,Mobile,4,Divorced,6,0,16,0,1,1,125
50298,1,0,Phone,2,NULL,COD,Male,2,4,Mobile,2,Single,2,0,12,1,1,0,126
50299,0,3,Computer,3,28,UPI,Female,3,3,Fashion,5,Divorced,1,0,11,2,7,8,184
50300,0,30,Mobile Phone,3,35,E wallet,Male,2,4,Grocery,2,Married,4,0,12,0,NULL,0,241
50301,0,23,Mobile Phone,1,35,Debit Card,Male,2,4,Grocery,3,Divorced,1,0,15,NULL,15,7,270
50302,0,3,Computer,1,NULL,CC,Female,2,3,Mobile,2,Single,1,0,14,5,6,7,126
50303,0,30,Computer,3,34,E wallet,Female,3,4,Fashion,5,Divorced,5,0,19,13,13,11,203
50304,0,20,Mobile Phone,1,8,Credit Card,Female,3,3,Laptop & Accessory,2,Married,6,0,13,0,1,4,151
50305,0,19,Mobile Phone,1,8,Debit Card,Male,2,3,Grocery,3,Divorced,7,0,13,NULL,1,1,279
50306,0,8,Phone,1,28,Debit Card,Male,2,5,Mobile Phone,3,Single,1,0,15,2,4,3,142
50307,0,27,Phone,1,14,Debit Card,Female,2,3,Laptop & Accessory,3,Single,8,0,11,1,1,0,138
50308,0,7,Phone,1,8,Debit Card,Male,NULL,4,Mobile,3,Married,4,0,12,5,5,7,128
50309,0,19,Mobile Phone,3,16,E wallet,Female,3,4,Fashion,2,Divorced,3,1,19,1,1,2,191
50310,0,4,Mobile Phone,1,15,Debit Card,Male,2,3,Fashion,4,Married,2,0,25,1,1,8,206
50311,1,0,Mobile Phone,1,21,Credit Card,Male,2,3,Fashion,3,Divorced,8,1,12,0,NULL,7,236
50312,1,0,Phone,1,16,CC,Male,2,5,Mobile,2,Married,8,0,13,0,1,3,134
50313,0,3,Phone,3,13,E wallet,Male,NULL,3,Mobile,4,Single,1,0,14,1,1,2,130
50314,0,8,Mobile Phone,1,22,Debit Card,Male,3,3,Fashion,3,Divorced,5,1,12,0,1,0,176
50315,1,0,Computer,1,26,Debit Card,Male,3,3,Fashion,3,Divorced,4,0,12,1,1,0,198
50316,1,0,Computer,2,29,UPI,Female,2,3,Fashion,5,Married,10,1,15,1,1,2,200
50317,0,NULL,Computer,1,11,UPI,Male,3,3,Mobile,3,Divorced,5,0,17,2,2,0,121
50318,0,9,Computer,3,16,Credit Card,Male,2,3,Fashion,2,Single,2,0,14,1,9,7,200
50319,1,0,Computer,1,10,COD,Male,2,4,Mobile Phone,3,Single,6,0,16,1,1,2,139
50320,0,21,Phone,3,8,E wallet,Female,2,3,Laptop & Accessory,2,Divorced,3,0,14,4,6,7,141
50321,0,28,Mobile Phone,3,24,Debit Card,Female,2,3,Grocery,4,Single,4,0,23,NULL,7,7,268
50322,0,14,Computer,3,16,Debit Card,Male,2,3,Laptop & Accessory,2,Single,8,0,14,0,1,10,162
50323,0,8,Phone,3,6,E wallet,Male,2,3,Laptop & Accessory,3,Divorced,10,0,11,3,6,9,147
50324,0,13,Mobile Phone,1,12,Debit Card,Female,3,3,Grocery,3,Single,8,0,15,4,NULL,13,232
50325,0,12,Computer,1,14,Debit Card,Female,2,3,Mobile Phone,3,Divorced,2,0,11,0,1,7,138
50326,0,4,Mobile Phone,3,8,Debit Card,Male,3,3,Laptop & Accessory,2,Single,5,1,13,1,1,5,166
50327,0,15,Mobile Phone,1,30,Credit Card,Male,2,3,Fashion,5,Divorced,2,1,21,4,5,8,174
50328,0,18,Phone,3,8,UPI,Male,3,3,Laptop & Accessory,4,Divorced,1,0,19,3,3,7,148
50329,1,0,Computer,2,23,Debit Card,Female,NULL,3,Mobile,3,Married,1,1,11,0,1,0,127
50330,0,2,Phone,1,25,COD,Male,2,3,Laptop & Accessory,2,Married,5,0,12,0,1,2,143
50331,0,6,Mobile Phone,1,6,Credit Card,Female,3,2,Grocery,3,Married,5,0,19,NULL,1,5,262
50332,0,0,Mobile Phone,3,13,Debit Card,Male,2,4,Fashion,2,Married,10,0,21,1,1,NULL,216
50333,1,NULL,Computer,3,11,E wallet,Male,3,3,Mobile Phone,4,Single,2,1,14,1,1,0,119
50334,0,13,Computer,3,34,UPI,Male,2,5,Fashion,5,Married,4,0,15,1,1,NULL,209
50335,0,14,Computer,1,8,UPI,Female,3,4,Laptop & Accessory,3,Single,3,1,17,0,1,7,168
50336,0,0,Phone,3,35,Credit Card,Male,2,3,Laptop & Accessory,3,Married,6,0,12,1,1,0,143
50337,0,8,Phone,3,6,Credit Card,Female,3,3,Laptop & Accessory,3,Single,2,0,16,0,1,3,149
50338,0,7,Mobile Phone,3,27,Debit Card,Male,3,2,Laptop & Accessory,2,Single,2,0,12,5,5,7,153
50339,1,0,Phone,1,NULL,COD,Male,3,5,Mobile,2,Single,2,1,18,1,1,0,123
50340,0,10,Mobile Phone,1,6,COD,Female,2,3,Fashion,2,Single,5,0,17,1,1,2,175
50341,0,19,Computer,1,24,Credit Card,Female,2,3,Fashion,3,Divorced,6,0,11,1,1,2,205
50342,0,14,Mobile Phone,3,8,Debit Card,Female,3,3,Grocery,5,Divorced,8,0,16,NULL,11,8,266
50343,0,10,Computer,3,15,Credit Card,Male,3,3,Fashion,4,Married,2,0,13,6,7,7,188
50344,0,25,Mobile Phone,1,12,COD,Male,3,3,Laptop & Accessory,5,Married,4,1,12,2,6,9,156
50345,1,0,Computer,3,17,UPI,Male,2,2,Laptop & Accessory,3,Divorced,9,0,12,1,1,2,147
50346,0,0,Computer,3,NULL,CC,Male,2,3,Mobile,2,Divorced,1,0,13,0,2,1,124
50347,0,11,Mobile Phone,1,16,Credit Card,Female,3,3,Laptop & Accessory,3,Divorced,4,0,19,1,1,0,198
50348,0,10,Mobile Phone,1,6,Debit Card,Female,3,3,Laptop & Accessory,4,Divorced,7,0,12,3,4,3,164
50349,0,22,Mobile Phone,1,24,Debit Card,Male,2,4,Others,3,Married,2,1,NULL,0,1,9,295
50350,0,0,Phone,1,29,CC,Male,NULL,2,Mobile,2,Divorced,2,1,11,0,1,4,127
50351,0,0,Mobile Phone,3,34,E wallet,Male,3,3,Laptop & Accessory,4,Divorced,2,0,20,1,1,4,163
50352,0,NULL,Phone,1,23,UPI,Male,3,4,Mobile,4,Divorced,2,0,21,1,1,0,121
50353,0,23,Computer,2,9,Credit Card,Male,2,3,Others,4,Divorced,2,0,11,NULL,10,7,282
50354,0,NULL,Phone,3,19,CC,Male,2,3,Mobile,3,Divorced,2,0,11,1,1,6,121
50355,1,0,Computer,1,13,Debit Card,Female,NULL,3,Mobile,3,Divorced,2,1,16,0,1,2,129
50356,1,NULL,Computer,3,18,Debit Card,Male,3,4,Mobile,5,Divorced,2,0,18,1,1,0,120
50357,0,7,Phone,1,6,Debit Card,Male,2,4,Mobile Phone,2,Divorced,2,1,13,0,1,3,136
50358,1,0,Phone,3,19,Credit Card,Male,2,3,Laptop & Accessory,5,Married,3,0,17,0,1,2,142
50359,0,8,Phone,1,31,UPI,Male,2,4,Laptop & Accessory,2,Single,5,0,14,0,1,2,137
50360,0,4,Mobile Phone,3,12,Credit Card,Male,3,2,Laptop & Accessory,2,Married,5,0,22,3,5,7,155
50361,0,NULL,Phone,1,12,CC,Female,3,4,Mobile,3,Married,1,0,12,1,1,3,122
50362,0,10,Mobile Phone,3,8,E wallet,Male,3,3,Laptop & Accessory,3,Divorced,5,1,11,0,1,0,196
50363,0,0,Phone,1,6,Debit Card,Female,NULL,4,Mobile,4,Single,2,0,13,1,1,0,128
50364,0,15,Phone,1,8,Debit Card,Female,2,3,Laptop & Accessory,2,Divorced,2,0,13,2,2,2,141
50365,0,16,Mobile Phone,1,12,UPI,Male,2,4,Grocery,2,Married,5,1,14,NULL,1,0,266
50366,0,11,Phone,1,NULL,Debit Card,Female,2,3,Mobile,5,Single,4,0,17,1,1,0,126
50367,0,16,Computer,1,15,Credit Card,Male,3,3,Laptop & Accessory,3,Married,4,1,13,2,4,7,157
50368,0,21,Mobile Phone,1,6,Debit Card,Female,2,4,Grocery,5,Divorced,8,0,11,0,NULL,2,254
50369,0,17,Mobile Phone,2,6,Debit Card,Female,2,4,Laptop & Accessory,3,Single,5,0,11,1,1,2,160
50370,0,7,Phone,3,NULL,COD,Female,2,3,Mobile,3,Married,2,1,18,1,1,6,126
50371,1,0,Phone,3,8,E wallet,Male,NULL,3,Mobile,5,Married,1,0,11,0,1,2,130
50372,0,0,Phone,3,28,COD,Male,2,3,Mobile,3,Single,2,0,11,1,1,2,134
50373,0,17,Mobile Phone,1,9,UPI,Male,2,3,Others,2,Divorced,5,1,NULL,1,1,1,295
50374,0,0,Phone,1,12,CC,Male,NULL,3,Mobile,3,Divorced,1,0,20,2,2,2,128
50375,0,6,Mobile Phone,3,14,E wallet,Male,2,3,Laptop & Accessory,3,Married,1,0,12,1,1,2,171
50376,0,5,Mobile Phone,1,15,Debit Card,Female,3,3,Laptop & Accessory,2,Divorced,2,1,12,1,1,5,163
50377,0,NULL,Computer,1,9,CC,Female,3,3,Mobile,3,Married,2,0,20,1,1,0,121
50378,0,26,Mobile Phone,3,6,Credit Card,Female,2,3,Laptop & Accessory,5,Single,8,0,20,6,8,10,184
50379,0,7,Phone,1,6,Debit Card,Male,NULL,3,Mobile,2,Divorced,2,0,12,6,8,8,127
50380,1,8,Computer,3,32,Debit Card,Female,3,3,Laptop & Accessory,5,Divorced,3,0,14,0,1,0,143
50381,0,0,Phone,1,12,Debit Card,Female,3,3,Mobile,2,Divorced,2,1,13,0,1,2,127
50382,0,10,Mobile Phone,1,9,UPI,Male,2,3,Fashion,3,Divorced,2,0,15,6,7,8,194
50383,0,2,Mobile Phone,3,9,Credit Card,Female,3,3,Laptop & Accessory,3,Divorced,2,0,14,0,1,2,156
50384,0,8,Mobile Phone,1,12,Debit Card,Male,2,5,Laptop & Accessory,2,Single,2,0,13,11,11,8,166
50385,0,6,Computer,1,12,Debit Card,Male,1,3,Laptop & Accessory,2,Married,4,0,23,4,4,7,177
50386,0,27,Mobile Phone,2,25,Credit Card,Male,2,3,Fashion,4,Divorced,3,0,15,3,7,1,207
50387,0,9,Mobile Phone,1,15,Credit Card,Male,2,4,Laptop & Accessory,4,Married,3,1,11,1,1,2,188
50388,0,NULL,Phone,1,9,CC,Male,2,4,Mobile,2,Single,1,0,13,0,1,1,120
50389,1,0,Mobile Phone,1,16,Credit Card,Male,2,3,Mobile Phone,3,Single,2,1,11,0,1,1,110
50390,1,0,Computer,1,9,Debit Card,Male,3,3,Mobile,5,Single,2,1,11,9,9,7,133
50391,0,NULL,Computer,1,9,Debit Card,Male,2,4,Mobile Phone,3,Divorced,2,0,18,1,1,0,113
50392,0,0,Phone,1,10,CC,Male,NULL,2,Mobile,5,Divorced,3,0,16,0,1,2,128
50393,0,0,Phone,3,14,Debit Card,Male,2,2,Laptop & Accessory,4,Divorced,1,0,22,0,1,2,149
50394,0,11,Phone,3,13,E wallet,Female,2,4,Laptop & Accessory,2,Single,1,0,20,1,1,5,140
50395,0,2,Computer,1,6,Debit Card,Male,NULL,5,Mobile,2,Married,2,0,18,2,2,8,127
50396,0,21,Mobile Phone,3,8,E wallet,Male,2,2,Laptop & Accessory,4,Divorced,4,0,12,2,2,2,181
50397,0,0,Computer,3,9,Credit Card,Female,3,2,Laptop & Accessory,2,Married,2,1,20,1,1,4,146
50398,0,10,Phone,1,16,Debit Card,Male,3,2,Mobile Phone,2,Single,4,0,17,1,1,0,147
50399,0,23,Phone,1,34,CC,Male,3,2,Mobile,3,Divorced,2,1,11,3,3,8,132
50400,0,7,Mobile Phone,1,15,Credit Card,Female,2,4,Fashion,4,Single,2,0,14,4,7,7,186
50401,1,0,Phone,3,9,Debit Card,Female,3,3,Laptop & Accessory,3,Single,10,0,14,1,2,0,146
50402,0,12,Phone,1,8,COD,Female,3,4,Laptop & Accessory,3,Single,2,0,11,2,11,10,146
50403,0,5,Mobile Phone,3,16,E wallet,Male,2,3,Laptop & Accessory,2,Single,2,0,12,0,1,8,154
50404,1,13,Computer,3,14,COD,Male,2,3,Laptop & Accessory,3,Divorced,4,1,14,1,1,3,168
50405,0,11,Mobile Phone,1,6,Debit Card,Female,2,2,Laptop & Accessory,2,Single,1,0,13,1,1,8,176
50406,0,0,Mobile Phone,1,6,Debit Card,Female,3,3,Fashion,5,Divorced,2,0,11,1,1,7,174
50407,0,5,Mobile Phone,1,9,Debit Card,Female,2,3,Fashion,2,Single,4,0,15,3,7,NULL,212
50408,0,20,Mobile Phone,3,20,E wallet,Male,2,3,Laptop & Accessory,5,Single,3,0,12,0,1,7,150
50409,0,13,Computer,3,11,Debit Card,Male,2,4,Fashion,5,Divorced,6,1,21,0,1,12,205
50410,0,26,Mobile Phone,1,13,Debit Card,Male,2,2,Grocery,3,Divorced,4,0,19,0,NULL,3,248
50411,0,14,Mobile Phone,2,16,UPI,Male,3,4,Others,2,Married,4,0,15,NULL,12,6,291
50412,0,30,Mobile Phone,3,22,E wallet,Male,2,3,Laptop & Accessory,5,Single,9,0,14,1,2,2,154
50413,0,0,Computer,1,16,Debit Card,Male,2,3,Fashion,5,Married,2,0,21,1,1,7,188
50414,0,14,Mobile Phone,2,6,UPI,Male,2,4,Others,3,Divorced,2,0,12,NULL,2,10,292
50415,0,23,Phone,3,14,E wallet,Male,2,3,Mobile Phone,4,Divorced,8,0,15,1,2,2,139
50416,1,NULL,Phone,1,6,Debit Card,Female,3,5,Mobile,4,Single,8,1,13,1,3,7,122
50417,0,9,Computer,1,14,Debit Card,Female,3,2,Fashion,5,Divorced,10,0,14,0,1,NULL,217
50418,0,11,Mobile Phone,1,6,Debit Card,Female,2,3,Fashion,3,Single,5,1,14,0,1,0,179
50419,0,17,Computer,1,30,Credit Card,Male,2,5,Mobile Phone,3,Single,3,0,14,0,1,4,137
50420,0,20,Computer,3,9,Credit Card,Female,2,3,Grocery,3,Married,10,1,12,7,NULL,13,238
50421,0,3,Mobile Phone,3,33,E wallet,Male,2,3,Laptop & Accessory,2,Married,8,0,23,4,7,7,153
50422,0,2,Phone,3,NULL,Debit Card,Male,2,3,Mobile,3,Single,2,0,11,0,1,0,126
50423,1,5,Computer,1,25,CC,Male,NULL,2,Mobile,3,Married,7,1,12,2,2,2,128
50424,0,16,Computer,3,21,Debit Card,Male,2,4,Laptop & Accessory,2,Divorced,4,0,18,0,2,2,168
50425,0,7,Mobile Phone,1,14,Credit Card,Female,3,3,Laptop & Accessory,3,Single,4,0,11,1,4,3,161
50426,0,0,Phone,1,NULL,CC,Male,2,3,Mobile,5,Divorced,2,0,14,0,1,2,125
50427,0,12,Mobile Phone,2,9,UPI,Female,2,2,Laptop & Accessory,4,Divorced,10,0,15,3,3,6,164
50428,0,29,Mobile Phone,1,15,Credit Card,Male,2,3,Grocery,2,Divorced,8,0,11,0,1,NULL,211
50429,0,13,Phone,1,NULL,CC,Female,2,4,Mobile,2,Single,1,1,20,2,2,3,123
50430,0,0,Mobile Phone,1,13,Credit Card,Female,2,4,Laptop & Accessory,5,Single,9,0,19,1,1,7,168
50431,0,NULL,Phone,3,16,E wallet,Male,2,3,Mobile,4,Married,2,0,14,0,2,2,123
50432,0,26,Phone,1,NULL,Debit Card,Male,2,3,Laptop & Accessory,2,Single,3,0,17,1,2,2,125
50433,0,8,Computer,1,8,Debit Card,Female,3,3,Laptop & Accessory,5,Married,3,0,11,0,1,0,151
50434,0,5,Computer,1,30,Debit Card,Male,3,3,Laptop & Accessory,2,Divorced,2,0,15,2,4,7,153
50435,0,11,Phone,1,8,CC,Male,NULL,3,Mobile,3,Divorced,7,1,13,0,1,1,131
50436,0,7,Mobile Phone,1,14,Debit Card,Female,2,3,Laptop & Accessory,5,Married,4,0,14,1,1,0,151
50437,0,25,Mobile Phone,3,9,E wallet,Male,2,4,Grocery,5,Divorced,2,0,11,NULL,1,16,269
50438,1,0,Phone,1,6,UPI,Male,NULL,3,Mobile,2,Single,2,1,13,5,7,8,127
50439,0,0,Mobile Phone,3,32,Credit Card,Female,2,3,Laptop & Accessory,2,Single,2,0,23,0,1,4,162
50440,0,18,Mobile Phone,3,8,COD,Male,2,5,Laptop & Accessory,3,Single,1,0,13,0,3,1,166
50441,0,0,Phone,1,16,Credit Card,Male,3,2,Mobile,3,Single,2,0,18,1,1,2,135
50442,1,10,Computer,3,33,Debit Card,Female,3,1,Laptop & Accessory,3,Single,5,1,12,1,1,3,164
50443,0,7,Mobile Phone,3,8,UPI,Male,2,3,Laptop & Accessory,2,Single,2,0,22,0,1,4,163
50444,1,18,Mobile Phone,1,8,Credit Card,Male,3,3,Others,5,Divorced,6,1,NULL,1,1,4,299
50445,0,9,Computer,3,14,Debit Card,Male,3,4,Fashion,5,Single,2,0,15,0,1,9,176
50446,0,25,Computer,1,25,Credit Card,Male,2,3,Mobile Phone,2,Divorced,1,0,18,1,1,2,143
50447,0,0,Computer,1,6,Debit Card,Female,3,5,Mobile Phone,2,Married,4,0,14,2,2,0,144
50448,0,2,Phone,1,33,Credit Card,Female,3,3,Laptop & Accessory,3,Divorced,5,0,12,1,1,1,143
50449,1,0,Mobile Phone,3,14,COD,Male,2,4,Laptop & Accessory,5,Single,7,0,17,1,1,2,153
50450,0,7,Phone,1,6,Debit Card,Female,3,1,Mobile,2,Single,3,0,16,0,1,3,133
50451,0,27,Mobile Phone,1,25,Credit Card,Female,3,3,Laptop & Accessory,5,Married,10,1,11,0,1,4,155
50452,0,2,Computer,3,5,E wallet,Male,2,3,Laptop & Accessory,2,Divorced,1,0,19,0,1,1,143
50453,0,10,Phone,1,16,Debit Card,Female,NULL,3,Mobile,5,Married,1,1,13,3,4,3,128
50454,0,11,Computer,1,8,Debit Card,Female,3,1,Laptop & Accessory,5,Single,7,1,12,4,4,12,160
50455,0,7,Phone,1,8,Credit Card,Female,2,4,Mobile Phone,5,Single,2,0,11,1,1,3,144
50456,0,8,Phone,3,NULL,Debit Card,Female,3,3,Mobile,2,Divorced,2,0,16,0,1,2,126
50457,0,3,Phone,1,6,Debit Card,Male,2,5,Mobile Phone,3,Divorced,4,0,21,1,1,2,138
50458,0,13,Computer,1,8,Credit Card,Female,2,1,Laptop & Accessory,4,Divorced,2,0,24,0,3,7,142
50459,0,7,Mobile Phone,3,14,Debit Card,Female,3,3,Laptop & Accessory,5,Divorced,6,0,17,1,1,2,165
50460,0,15,Computer,1,14,Debit Card,Male,3,3,Others,2,Married,2,0,13,NULL,14,9,284
50461,1,NULL,Mobile Phone,1,12,Debit Card,Male,3,1,Mobile Phone,5,Divorced,2,1,21,1,1,0,116
50462,0,0,Computer,1,15,Debit Card,Male,NULL,4,Mobile,4,Married,2,0,11,1,1,0,127
50463,0,25,Phone,1,17,Debit Card,Female,NULL,3,Laptop & Accessory,3,Divorced,9,0,20,1,1,4,131
50464,0,23,Mobile Phone,1,8,Credit Card,Male,3,3,Grocery,3,Divorced,6,0,16,NULL,1,3,276
50465,1,0,Phone,1,NULL,Debit Card,Female,2,4,Mobile,5,Divorced,2,1,11,0,1,0,123
50466,0,6,Mobile Phone,1,13,Credit Card,Male,2,3,Fashion,3,Divorced,1,0,11,0,3,NULL,217
50467,1,0,Mobile Phone,3,22,E wallet,Female,3,3,Laptop & Accessory,5,Single,6,0,15,1,1,2,153
50468,0,20,Mobile Phone,1,8,UPI,Female,2,3,Grocery,2,Divorced,2,1,11,NULL,3,0,268
50469,0,9,Mobile Phone,1,6,UPI,Female,2,3,Laptop & Accessory,4,Divorced,1,0,15,0,1,5,152
50470,0,2,Phone,1,29,Debit Card,Male,NULL,1,Mobile,3,Divorced,2,0,24,1,1,7,127
50471,1,20,Mobile Phone,1,8,Debit Card,Male,2,3,Others,4,Single,8,1,NULL,5,13,8,292
50472,0,8,Phone,1,NULL,Debit Card,Female,2,1,Mobile,3,Single,4,0,13,0,2,2,125
50473,0,15,Mobile Phone,1,6,Debit Card,Female,2,4,Laptop & Accessory,2,Divorced,10,1,13,0,1,2,161
50474,1,0,Phone,1,8,Credit Card,Male,2,3,Mobile Phone,3,Single,7,0,17,0,2,1,144
50475,0,NULL,Phone,2,19,UPI,Male,2,3,Mobile,4,Divorced,4,0,13,1,1,4,121
50476,0,5,Mobile Phone,1,10,Debit Card,Female,3,4,Laptop & Accessory,3,Divorced,2,0,12,1,6,8,162
50477,0,13,Computer,1,22,Credit Card,Male,2,4,Laptop & Accessory,3,Single,7,0,14,1,1,0,151
50478,0,3,Mobile Phone,1,8,Credit Card,Female,2,4,Laptop & Accessory,2,Single,6,1,24,1,1,0,169
50479,0,NULL,Phone,1,8,Debit Card,Female,3,4,Mobile,3,Single,2,0,14,1,1,0,123
50480,0,15,Phone,1,35,Debit Card,Male,3,3,Laptop & Accessory,4,Divorced,2,0,13,2,7,8,144
50481,0,11,Computer,1,18,Debit Card,Male,2,4,Laptop & Accessory,5,Married,3,0,15,1,1,2,163
50482,0,7,Computer,1,NULL,Debit Card,Female,3,4,Mobile,2,Single,2,0,16,1,1,3,126
50483,1,12,Mobile Phone,3,17,E wallet,Female,2,3,Fashion,2,Divorced,2,0,18,0,7,7,177
50484,1,18,Mobile Phone,3,8,Credit Card,Male,2,3,Laptop & Accessory,2,Single,5,0,16,0,7,3,152
50485,0,16,Mobile Phone,1,20,Debit Card,Male,3,3,Grocery,5,Divorced,7,0,24,NULL,1,0,272
50486,0,0,Mobile Phone,1,11,Cash on Delivery,Male,2,4,Fashion,2,Married,2,1,16,0,1,NULL,228
50487,0,8,Mobile Phone,1,13,UPI,Male,2,3,Fashion,3,Single,4,0,21,0,1,6,202
50488,0,1,Phone,3,8,E wallet,Female,2,3,Laptop & Accessory,4,Divorced,2,1,20,7,7,5,148
50489,0,7,Phone,2,9,UPI,Male,2,3,Mobile Phone,2,Divorced,1,0,19,1,1,2,137
50490,1,0,Computer,1,NULL,CC,Female,2,4,Mobile,3,Divorced,2,1,14,0,1,7,124
50491,0,NULL,Computer,1,9,Credit Card,Male,2,3,Mobile Phone,2,Divorced,2,0,11,1,1,0,117
50492,0,24,Mobile Phone,3,32,E wallet,Female,3,3,Grocery,3,Divorced,3,0,14,NULL,4,17,263
50493,0,17,Mobile Phone,1,10,Credit Card,Male,2,3,Laptop & Accessory,4,Single,10,0,12,1,2,3,159
50494,0,0,Phone,1,8,CC,Male,3,1,Mobile,5,Single,8,0,13,1,1,1,134
50495,0,6,Phone,3,6,Credit Card,Male,2,1,Laptop & Accessory,5,Married,2,0,22,0,1,8,140
50496,0,8,Phone,1,NULL,CC,Female,2,4,Mobile,5,Single,2,0,11,1,1,1,126
50497,0,9,Mobile Phone,3,6,Debit Card,Male,2,3,Laptop & Accessory,2,Divorced,2,1,14,2,4,11,162
50498,0,5,Phone,3,19,Debit Card,Male,3,3,Laptop & Accessory,2,Married,3,0,11,0,1,3,144
50499,0,3,Computer,1,11,Debit Card,Male,3,4,Mobile Phone,2,Married,10,0,12,0,1,3,138
50500,0,26,Mobile Phone,3,13,E wallet,Female,3,4,Fashion,2,Divorced,8,1,18,0,1,NULL,209
50501,0,18,Mobile Phone,3,15,E wallet,Male,3,3,Fashion,5,Married,5,1,12,1,1,2,208
50502,0,5,Mobile Phone,1,14,Credit Card,Female,3,1,Laptop & Accessory,3,Divorced,6,0,12,1,1,3,152
50503,0,25,Computer,1,31,Credit Card,Female,2,4,Grocery,2,Divorced,4,0,22,0,NULL,0,238
50504,0,10,Mobile Phone,3,22,E wallet,Male,3,4,Laptop & Accessory,3,Married,5,0,19,1,1,0,163
50505,0,1,Phone,2,14,Credit Card,Male,3,4,Mobile Phone,2,Married,2,0,13,0,1,4,149
50506,0,0,Phone,1,6,Debit Card,Male,2,4,Laptop & Accessory,2,Divorced,7,0,22,2,2,2,148
50507,0,17,Phone,1,14,Debit Card,Male,NULL,1,Mobile,2,Divorced,3,1,24,1,1,2,128
50508,0,15,Computer,1,NULL,CC,Male,2,3,Mobile,2,Single,6,1,14,0,2,2,125
50509,0,9,Phone,2,NULL,Debit Card,Male,3,4,Mobile,5,Divorced,1,0,21,1,1,3,123
50510,0,0,Phone,3,9,UPI,Male,3,3,Laptop & Accessory,5,Divorced,2,1,18,1,1,3,142
50511,0,8,Mobile Phone,1,15,Debit Card,Female,3,4,Fashion,3,Divorced,2,1,20,2,5,15,207
50512,1,NULL,Computer,1,31,Debit Card,Female,3,3,Mobile,4,Married,2,1,19,0,7,8,120
50513,0,5,Computer,1,6,Debit Card,Male,3,3,Mobile,2,Married,1,0,12,0,1,2,123
50514,0,0,Phone,3,10,E wallet,Male,2,4,Laptop & Accessory,5,Divorced,2,0,12,1,1,3,143
50515,0,22,Phone,1,6,COD,Female,2,3,Mobile Phone,5,Divorced,3,0,16,1,1,2,136
50516,0,0,Computer,1,10,Debit Card,Male,NULL,4,Mobile,2,Divorced,1,0,17,0,3,4,132
50517,0,5,Computer,3,11,Debit Card,Male,2,3,Laptop & Accessory,4,Divorced,2,0,14,2,5,3,165
50518,0,11,Phone,3,15,E wallet,Male,NULL,4,Mobile,4,Divorced,1,0,19,0,1,2,129
50519,0,15,Mobile Phone,1,9,Debit Card,Female,3,1,Laptop & Accessory,2,Divorced,3,1,13,0,1,3,152
50520,0,4,Phone,1,NULL,Debit Card,Male,2,3,Mobile,2,Divorced,4,1,19,1,1,2,124
50521,1,0,Phone,3,6,CC,Female,NULL,4,Mobile,3,Married,7,1,19,0,1,2,128
50522,0,26,Mobile Phone,3,14,E wallet,Male,3,3,Grocery,2,Divorced,6,0,14,0,2,NULL,218
50523,0,8,Mobile Phone,1,31,Cash on Delivery,Male,3,4,Fashion,4,Divorced,4,0,16,3,4,8,209
50524,0,10,Computer,3,27,CC,Female,NULL,3,Mobile,2,Divorced,6,0,15,1,1,0,130
50525,0,26,Mobile Phone,1,29,Debit Card,Female,3,3,Grocery,2,Single,7,0,18,2,NULL,8,243
50526,0,16,Computer,1,6,Debit Card,Female,2,3,Laptop & Accessory,2,Divorced,5,0,13,1,2,2,156
50527,0,20,Phone,3,8,E wallet,Female,2,3,Laptop & Accessory,2,Divorced,1,1,22,5,7,7,145
50528,0,10,Computer,3,25,Credit Card,Male,2,3,Fashion,4,Single,2,1,13,0,1,9,176
50529,0,23,Computer,1,8,Debit Card,Male,3,3,Grocery,5,Married,2,0,11,NULL,14,7,279
50530,0,12,Mobile Phone,2,8,Debit Card,Female,2,4,Laptop & Accessory,2,Divorced,9,0,11,0,1,4,152
50531,0,NULL,Phone,2,9,UPI,Male,2,3,Mobile,4,Married,4,1,11,0,1,3,123
50532,1,0,Phone,1,31,Debit Card,Male,NULL,3,Mobile,2,Single,2,1,24,1,1,1,128
50533,0,2,Phone,1,NULL,CC,Female,3,4,Mobile,2,Married,7,0,14,1,1,3,125
50534,0,17,Phone,1,NULL,Debit Card,Male,3,3,Mobile,5,Divorced,2,1,13,2,7,1,126
50535,0,1,Phone,3,11,Credit Card,Male,3,3,Laptop & Accessory,2,Single,2,0,14,1,1,2,149
50536,1,20,Computer,1,NULL,Debit Card,Male,2,4,Mobile,2,Married,10,1,14,0,1,0,124
50537,0,16,Phone,1,14,Debit Card,Female,2,3,Laptop & Accessory,4,Married,5,0,21,1,1,0,148
50538,1,NULL,Phone,3,8,CC,Female,2,4,Mobile,3,Single,2,0,13,0,1,2,120
50539,1,0,Phone,1,24,UPI,Female,NULL,3,Mobile,2,Single,2,0,19,1,1,0,127
50540,0,9,Mobile Phone,1,20,Debit Card,Male,3,3,Laptop & Accessory,2,Divorced,1,1,17,4,4,11,166
50541,0,20,Phone,3,8,Debit Card,Female,3,4,Mobile,2,Single,2,1,18,1,1,2,133
50542,1,0,Phone,1,9,Debit Card,Female,2,3,Laptop & Accessory,3,Divorced,1,1,19,1,1,2,142
50543,1,4,Phone,1,8,Debit Card,Female,NULL,5,Mobile,2,Married,5,1,13,0,1,0,128
50544,0,1,Phone,1,NULL,CC,Female,3,3,Mobile,3,Married,6,0,18,2,2,2,124
50545,1,2,Phone,1,NULL,CC,Male,3,3,Mobile,5,Divorced,8,1,21,1,2,2,124
50546,0,0,Phone,1,NULL,Debit Card,Female,3,3,Mobile,3,Single,2,0,19,1,1,0,123
50547,0,NULL,Mobile Phone,1,16,Debit Card,Male,2,3,Mobile,4,Married,2,0,14,1,1,0,120
50548,0,15,Mobile Phone,3,20,Credit Card,Female,3,4,Laptop & Accessory,3,Single,8,0,17,0,1,3,162
50549,0,6,Phone,1,6,UPI,Male,NULL,4,Mobile,5,Single,4,1,11,0,1,2,128
50550,0,30,Mobile Phone,1,11,Cash on Delivery,Female,2,4,Fashion,4,Married,3,1,13,1,1,4,206
50551,0,4,Phone,3,NULL,Debit Card,Male,2,4,Mobile,3,Divorced,4,0,15,3,5,2,123
50552,0,8,Phone,1,27,Debit Card,Female,2,3,Laptop & Accessory,2,Divorced,2,1,25,0,1,7,140
50553,0,22,Mobile Phone,1,14,UPI,Female,2,3,Fashion,4,Divorced,5,0,11,0,1,7,174
50554,0,NULL,Phone,1,26,CC,Male,2,3,Mobile,3,Divorced,5,0,17,0,1,0,123
50555,0,4,Computer,3,26,E wallet,Female,2,3,Laptop & Accessory,3,Divorced,2,0,13,1,1,0,169
50556,0,9,Phone,1,13,UPI,Male,3,3,Mobile Phone,2,Single,3,0,18,0,1,1,147
50557,0,11,Mobile Phone,1,6,Cash on Delivery,Female,3,3,Fashion,5,Divorced,2,0,13,3,NULL,11,236
50558,0,5,Computer,1,NULL,Debit Card,Female,3,4,Mobile,4,Divorced,7,0,20,1,1,2,123
50559,1,0,Phone,3,NULL,E wallet,Male,2,4,Mobile,4,Divorced,2,1,18,0,1,0,124
50560,0,13,Mobile Phone,3,16,E wallet,Male,3,4,Fashion,4,Married,3,0,12,1,1,0,197
50561,0,0,Computer,3,6,Credit Card,Male,2,4,Laptop & Accessory,5,Single,2,0,12,1,1,7,143
50562,0,14,Phone,1,12,Credit Card,Male,2,3,Mobile Phone,5,Single,3,1,13,1,2,17,147
50563,0,9,Phone,1,NULL,CC,Male,3,3,Mobile,3,Single,5,0,21,2,3,9,125
50564,1,NULL,Phone,3,27,UPI,Male,2,4,Mobile,4,Single,2,1,13,0,1,0,121
50565,1,0,Phone,1,10,COD,Male,NULL,3,Mobile,5,Single,2,0,19,1,1,0,130
50566,0,4,Mobile Phone,1,18,Credit Card,Female,2,3,Laptop & Accessory,2,Divorced,1,1,11,0,8,5,159
50567,0,13,Computer,1,15,Credit Card,Male,2,3,Mobile Phone,4,Married,9,1,14,0,1,0,136
50568,0,5,Mobile Phone,1,9,Credit Card,Female,3,3,Laptop & Accessory,5,Divorced,2,0,12,6,6,3,167
50569,1,0,Mobile Phone,3,9,Debit Card,Male,2,4,Fashion,2,Divorced,2,1,11,3,3,7,203
50570,0,6,Mobile Phone,1,6,Debit Card,Female,2,4,Laptop & Accessory,2,Single,1,0,14,0,1,4,169
50571,1,0,Mobile Phone,3,6,Debit Card,Male,2,4,Fashion,3,Divorced,6,0,11,1,11,7,206
50572,0,18,Computer,1,10,Debit Card,Male,2,3,Laptop & Accessory,4,Divorced,2,0,12,1,1,8,144
50573,0,NULL,Computer,3,26,Cash on Delivery,Female,2,3,Mobile,2,Divorced,2,0,15,0,1,2,122
50574,0,8,Phone,3,24,Credit Card,Female,2,3,Laptop & Accessory,3,Divorced,2,0,16,1,1,0,146
50575,0,25,Mobile Phone,1,6,Debit Card,Male,3,3,Grocery,2,Divorced,3,0,15,NULL,7,8,271
50576,1,20,Phone,1,NULL,COD,Male,2,3,Mobile,3,Single,5,0,24,1,1,0,125
50577,0,26,Mobile Phone,3,8,Credit Card,Male,2,3,Grocery,3,Married,7,0,13,2,NULL,2,249
50578,0,3,Mobile Phone,3,14,UPI,Male,3,3,Fashion,3,Married,6,0,11,4,7,7,173
50579,0,11,Computer,3,16,COD,Female,2,3,Laptop & Accessory,2,Single,2,1,13,0,1,3,157
50580,0,8,Mobile Phone,3,9,Debit Card,Male,3,3,Fashion,2,Married,7,0,13,0,1,8,178
50581,0,12,Mobile Phone,3,8,Debit Card,Male,2,1,Fashion,3,Single,1,0,18,1,1,7,179
50582,1,3,Computer,3,30,Debit Card,Female,3,1,Grocery,4,Single,5,1,16,1,NULL,0,232
50583,0,20,Computer,1,22,Credit Card,Male,3,1,Laptop & Accessory,3,Married,2,1,19,0,2,7,151
50584,0,9,Computer,3,14,COD,Male,2,3,Laptop & Accessory,2,Married,5,0,13,1,1,7,151
50585,1,0,Computer,1,NULL,CC,Male,2,4,Mobile,5,Single,1,1,22,1,1,2,123
50586,0,6,Computer,3,23,Debit Card,Male,2,3,Grocery,3,Single,2,0,11,NULL,6,0,274
50587,1,0,Phone,1,NULL,Debit Card,Female,3,4,Mobile,5,Single,7,1,20,1,1,0,124
50588,0,6,Phone,1,19,Debit Card,Female,2,3,Mobile,2,Single,4,0,18,1,1,2,135
50589,0,NULL,Phone,1,6,CC,Female,3,3,Mobile,2,Married,4,0,14,0,1,2,123
50590,0,23,Mobile Phone,1,6,Credit Card,Male,3,3,Grocery,2,Married,10,0,22,NULL,1,3,274
50591,0,6,Computer,1,6,UPI,Female,2,1,Laptop & Accessory,4,Divorced,2,1,13,0,1,2,155
50592,0,14,Computer,1,15,Credit Card,Male,3,3,Others,3,Married,3,0,NULL,1,1,11,294
50593,0,0,Phone,1,22,COD,Female,NULL,3,Mobile,4,Divorced,10,0,14,2,2,2,128
50594,0,18,Computer,1,29,Debit Card,Male,2,3,Laptop & Accessory,5,Divorced,2,1,15,1,1,8,136
50595,0,20,Phone,3,10,Debit Card,Female,2,3,Laptop & Accessory,2,Single,2,1,17,1,1,7,142
50596,1,NULL,Phone,1,28,Debit Card,Female,2,3,Mobile,3,Divorced,5,1,11,0,1,1,121
50597,0,23,Mobile Phone,1,30,Debit Card,Male,3,3,Grocery,3,Divorced,4,1,18,0,NULL,5,240
50598,0,11,Computer,1,16,CC,Male,NULL,3,Mobile,3,Divorced,1,0,17,0,1,2,127
50599,0,19,Mobile Phone,1,13,Credit Card,Male,3,3,Fashion,3,Married,7,0,13,0,1,7,208
50600,0,0,Phone,1,23,Credit Card,Female,2,4,Laptop & Accessory,3,Married,2,0,15,2,3,2,144
50601,1,0,Phone,1,20,UPI,Male,2,4,Mobile Phone,4,Married,2,1,24,1,1,2,137
50602,0,4,Computer,1,6,Debit Card,Female,3,3,Laptop & Accessory,5,Divorced,2,0,12,1,1,3,141
50603,0,0,Computer,1,11,Debit Card,Male,3,3,Mobile Phone,2,Single,2,0,15,1,1,0,111
50604,0,27,Mobile Phone,1,23,Cash on Delivery,Female,2,3,Fashion,3,Divorced,9,0,11,1,1,8,207
50605,0,8,Mobile Phone,1,31,Credit Card,Female,2,3,Fashion,3,Married,2,1,11,2,10,1,204
50606,0,3,Mobile Phone,1,14,Debit Card,Female,3,1,Fashion,5,Divorced,1,1,12,0,1,NULL,214
50607,1,0,Phone,1,NULL,CC,Female,3,4,Mobile,5,Single,2,1,15,0,1,0,126
50608,1,0,Computer,1,NULL,CC,Female,2,3,Mobile,4,Single,1,0,17,0,1,2,124
50609,0,0,Mobile Phone,1,8,Credit Card,Male,2,1,Laptop & Accessory,2,Divorced,2,0,12,1,1,3,155
50610,0,0,Phone,1,NULL,Debit Card,Male,3,5,Mobile,5,Divorced,2,0,15,1,1,1,125
50611,0,21,Phone,1,12,Debit Card,Male,3,4,Laptop & Accessory,3,Single,3,0,13,0,2,2,142
50612,0,21,Mobile Phone,1,10,Debit Card,Male,3,4,Fashion,3,Single,8,0,14,1,4,NULL,210
50613,0,14,Mobile Phone,1,13,Credit Card,Female,2,3,Laptop & Accessory,3,Single,7,0,14,1,2,1,150
50614,0,12,Mobile Phone,1,6,Debit Card,Female,3,4,Grocery,2,Divorced,2,0,16,0,11,NULL,227
50615,0,0,Phone,1,8,Debit Card,Female,2,3,Laptop & Accessory,2,Divorced,1,0,18,0,2,2,142
50616,0,8,Phone,1,16,UPI,Male,2,3,Mobile Phone,2,Married,2,0,20,1,1,2,139
50617,0,15,Mobile Phone,3,11,E wallet,Male,2,3,Others,3,Divorced,7,0,13,NULL,1,0,283
50618,0,23,Phone,1,NULL,Debit Card,Male,3,3,Mobile,2,Divorced,5,0,18,1,1,0,124
50619,0,30,Mobile Phone,1,8,Debit Card,Female,3,4,Grocery,2,Single,4,1,13,0,NULL,3,237
50620,1,0,Phone,1,17,Credit Card,Female,3,5,Laptop & Accessory,4,Divorced,6,0,15,1,1,0,148
50621,0,28,Computer,1,24,Credit Card,Male,3,3,Laptop & Accessory,4,Divorced,4,1,14,6,6,7,164
50622,0,14,Computer,1,13,Debit Card,Female,2,5,Others,3,Married,2,0,NULL,1,5,10,300
50623,0,11,Mobile Phone,3,9,Debit Card,Male,2,3,Laptop & Accessory,2,Single,9,1,12,1,1,0,169
50624,1,0,Computer,3,35,Credit Card,Male,3,5,Laptop & Accessory,5,Single,9,0,18,0,2,2,150
50625,1,15,Mobile Phone,3,8,E wallet,Female,2,5,Others,2,Divorced,2,0,NULL,5,6,9,298
50626,0,17,Mobile Phone,3,34,Credit Card,Female,2,1,Grocery,2,Divorced,4,1,18,1,NULL,11,233
50627,0,23,Computer,3,6,Debit Card,Female,3,3,Laptop & Accessory,3,Divorced,1,0,12,1,1,13,163
50628,1,0,Phone,1,22,Debit Card,Female,NULL,1,Mobile,5,Single,2,0,16,15,15,14,127
50629,0,12,Computer,1,28,Credit Card,Female,2,3,Fashion,5,Single,2,1,13,1,2,8,209
50630,0,6,Computer,3,NULL,Debit Card,Female,2,4,Mobile,2,Single,1,0,19,2,2,2,123
50631,0,18,Mobile Phone,3,17,Debit Card,Female,2,3,Grocery,2,Divorced,4,0,13,NULL,1,1,277
50632,0,5,Computer,1,35,Credit Card,Female,3,3,Mobile Phone,3,Single,10,0,12,5,7,7,140
50633,0,7,Mobile Phone,3,6,E wallet,Male,3,1,Laptop & Accessory,2,Married,1,0,11,1,1,9,197
50634,0,30,Mobile Phone,3,6,Cash on Delivery,Male,3,3,Fashion,2,Divorced,4,1,14,0,1,NULL,219
50635,0,NULL,Phone,2,30,CC,Male,2,3,Mobile,4,Single,2,0,16,0,1,4,122
50636,0,26,Computer,3,8,E wallet,Female,2,4,Fashion,4,Divorced,3,0,12,0,6,12,175
50637,1,0,Phone,1,21,UPI,Male,2,3,Laptop & Accessory,3,Married,8,0,14,0,1,0,148
50638,1,NULL,Computer,1,8,Debit Card,Male,2,3,Mobile,5,Divorced,7,1,14,1,1,2,120
50639,0,NULL,Phone,3,16,Debit Card,Female,2,3,Mobile,3,Divorced,2,1,19,0,1,0,122
50640,0,1,Mobile Phone,3,16,Credit Card,Male,3,3,Mobile Phone,4,Divorced,2,0,22,1,1,0,111
50641,0,11,Computer,1,9,UPI,Male,NULL,3,Mobile,3,Divorced,4,0,16,2,2,2,128
50642,0,23,Mobile Phone,1,8,Credit Card,Male,3,3,Others,3,Divorced,3,1,NULL,7,7,7,292
50643,0,10,Phone,1,9,UPI,Female,2,3,Laptop & Accessory,4,Single,4,0,15,1,1,1,141
50644,0,13,Mobile Phone,3,32,E wallet,Male,3,3,Laptop & Accessory,5,Divorced,2,0,14,5,7,5,184
50645,0,NULL,Computer,1,6,CC,Female,3,4,Mobile,3,Married,2,0,13,1,1,3,120
50646,0,19,Mobile Phone,1,6,Credit Card,Male,2,3,Others,2,Married,10,0,NULL,1,2,2,296
50647,0,27,Mobile Phone,3,8,Debit Card,Female,2,4,Fashion,3,Divorced,7,0,11,6,7,0,207
50648,0,29,Computer,1,15,CC,Female,NULL,3,Mobile,3,Divorced,3,0,19,0,1,3,129
50649,0,9,Mobile Phone,1,18,Credit Card,Female,2,4,Fashion,2,Single,1,0,11,5,7,8,189
50650,0,28,Computer,1,8,Credit Card,Male,2,4,Grocery,5,Single,8,0,15,NULL,6,2,268
50651,0,16,Mobile Phone,3,31,Credit Card,Male,3,4,Fashion,2,Married,6,0,13,1,NULL,0,234
50652,1,0,Computer,3,NULL,E wallet,Female,2,3,Mobile,2,Single,2,1,14,0,1,2,123
50653,1,NULL,Mobile Phone,1,16,Debit Card,Female,2,4,Mobile Phone,5,Single,2,0,13,1,1,0,114
50654,0,19,Phone,1,14,Debit Card,Female,3,4,Laptop & Accessory,5,Married,9,1,23,1,1,7,146
50655,1,14,Phone,1,NULL,Debit Card,Male,2,3,Mobile,3,Divorced,10,1,12,1,2,7,125
50656,1,0,Computer,1,30,COD,Male,3,4,Fashion,5,Single,2,0,12,0,1,9,187
50657,0,0,Phone,1,6,Credit Card,Male,2,4,Mobile Phone,5,Divorced,2,0,16,0,1,3,140
50658,0,3,Mobile Phone,1,26,UPI,Male,2,3,Laptop & Accessory,5,Divorced,1,0,15,1,1,2,200
50659,0,14,Phone,1,13,COD,Female,2,1,Mobile,3,Divorced,2,0,13,1,1,8,134
50660,0,11,Mobile Phone,1,23,Debit Card,Female,3,4,Fashion,3,Divorced,1,0,18,0,1,9,188
50661,0,13,Mobile Phone,1,26,Cash on Delivery,Male,3,3,Fashion,2,Divorced,5,0,20,4,11,1,203
50662,0,0,Computer,1,14,Debit Card,Male,2,5,Mobile Phone,3,Divorced,2,0,19,1,1,2,146
50663,0,28,Computer,1,8,Debit Card,Male,3,3,Fashion,4,Divorced,4,0,18,1,1,NULL,210
50664,0,1,Phone,1,16,UPI,Female,2,3,Laptop & Accessory,3,Single,4,0,13,1,1,7,137
50665,1,7,Mobile Phone,2,6,Credit Card,Male,3,4,Fashion,5,Divorced,10,0,14,2,3,6,205
50666,0,6,Mobile Phone,1,11,Debit Card,Male,2,4,Fashion,2,Married,5,0,15,0,1,2,171
50667,1,0,Mobile Phone,3,10,Cash on Delivery,Male,2,3,Fashion,5,Single,1,1,22,3,4,7,196
50668,1,0,Computer,1,35,Credit Card,Female,2,4,Laptop & Accessory,3,Single,2,0,22,3,3,8,145
50669,0,NULL,Phone,1,21,Debit Card,Male,2,3,Mobile,3,Married,2,0,16,2,2,2,122
50670,0,7,Computer,1,9,Debit Card,Male,2,3,Laptop & Accessory,2,Single,1,0,17,1,1,4,178
50671,0,10,Mobile Phone,3,16,Debit Card,Female,2,4,Laptop & Accessory,2,Married,3,1,14,0,1,0,167
50672,1,0,Phone,1,10,COD,Male,2,3,Mobile Phone,2,Divorced,2,1,15,5,5,6,137
50673,1,0,Phone,1,NULL,CC,Male,2,3,Mobile,3,Married,2,0,20,1,1,0,124
50674,1,NULL,Phone,1,31,CC,Male,2,4,Mobile,4,Single,5,1,20,0,2,2,123
50675,0,15,Mobile Phone,1,8,Credit Card,Male,2,3,Grocery,5,Divorced,1,0,17,NULL,13,7,277
50676,1,0,Computer,1,NULL,CC,Male,2,4,Mobile,4,Married,2,0,15,0,1,0,126
50677,1,13,Computer,3,6,UPI,Male,2,3,Laptop & Accessory,3,Single,4,1,14,0,1,0,147
50678,0,6,Computer,3,13,Debit Card,Female,1,3,Laptop & Accessory,4,Divorced,1,0,17,1,1,2,143
50679,0,7,Computer,1,9,Debit Card,Male,NULL,4,Mobile,2,Divorced,4,0,17,1,1,0,130
50680,0,21,Computer,1,6,Credit Card,Male,2,1,Grocery,2,Single,3,0,22,NULL,2,1,269
50681,0,18,Computer,3,15,Debit Card,Female,3,4,Laptop & Accessory,3,Divorced,2,0,13,0,4,12,156
50682,0,25,Mobile Phone,1,13,Debit Card,Male,2,3,Fashion,4,Single,8,0,19,3,4,0,204
50683,0,11,Mobile Phone,3,16,E wallet,Male,3,4,Fashion,3,Married,1,1,14,2,2,7,187
50684,0,2,Phone,1,NULL,Debit Card,Female,3,3,Mobile,2,Married,5,0,22,0,1,7,125
50685,0,1,Mobile Phone,1,9,Credit Card,Female,3,3,Fashion,4,Married,1,0,17,0,1,7,177
50686,0,19,Mobile Phone,3,9,E wallet,Male,2,3,Grocery,3,Divorced,4,0,12,NULL,4,9,275
50687,0,11,Mobile Phone,3,8,E wallet,Male,2,3,Fashion,4,Single,8,0,16,1,1,0,174
50688,0,16,Computer,1,33,Debit Card,Female,2,3,Fashion,5,Divorced,9,0,11,0,1,1,208
50689,1,2,Computer,1,8,Debit Card,Male,2,3,Grocery,2,Married,8,0,11,7,11,NULL,222
50690,0,13,Mobile Phone,1,20,Credit Card,Male,2,4,Others,3,Single,2,0,NULL,4,4,9,296
50691,0,NULL,Phone,1,6,Cash on Delivery,Female,3,4,Mobile,4,Single,2,1,11,0,2,2,121
50692,0,12,Computer,1,15,Debit Card,Male,3,3,Laptop & Accessory,4,Single,21,0,15,1,1,3,168
50693,0,9,Computer,1,24,Debit Card,Male,3,3,Laptop & Accessory,2,Single,3,0,20,1,1,9,178
50694,0,4,Computer,3,26,Debit Card,Male,NULL,1,Mobile,2,Divorced,1,0,12,1,2,2,128
50695,0,1,Phone,1,8,Debit Card,Male,3,4,Mobile,4,Divorced,1,0,17,0,1,4,132
50696,0,8,Computer,3,17,E wallet,Male,2,3,Laptop & Accessory,2,Married,2,0,11,0,1,2,150
50697,0,22,Mobile Phone,3,14,Cash on Delivery,Male,2,4,Grocery,4,Divorced,7,0,17,1,2,NULL,231
50698,0,7,Computer,1,8,Debit Card,Male,3,3,Laptop & Accessory,3,Single,3,0,11,1,1,2,140
50699,0,2,Computer,1,16,Debit Card,Female,3,3,Mobile,4,Married,1,0,14,1,1,1,133
50700,0,15,Phone,1,35,Credit Card,Male,2,5,Laptop & Accessory,2,Single,5,0,19,1,1,0,143
50701,0,2,Mobile Phone,1,14,Credit Card,Male,3,4,Laptop & Accessory,2,Divorced,2,1,13,0,1,2,151
50702,0,11,Phone,2,6,UPI,Male,NULL,1,Mobile,3,Divorced,2,0,13,1,5,0,128
50703,0,4,Computer,1,12,Debit Card,Male,NULL,4,Mobile,3,Married,2,1,14,1,1,2,127
50704,1,NULL,Computer,1,14,CC,Male,3,3,Mobile Phone,3,Single,2,0,12,0,1,0,119
50705,1,0,Mobile Phone,3,15,E wallet,Female,3,3,Laptop & Accessory,5,Single,1,1,17,0,1,3,182
50706,0,14,Phone,1,18,Debit Card,Male,2,3,Mobile Phone,2,Divorced,4,1,11,1,1,0,148
50707,1,0,Computer,1,NULL,CC,Male,3,3,Mobile,3,Divorced,2,0,12,2,2,2,126
50708,0,10,Mobile Phone,1,31,Credit Card,Female,2,4,Laptop & Accessory,2,Married,8,0,13,0,1,3,157
50709,0,0,Phone,1,NULL,Debit Card,Male,2,4,Mobile,3,Divorced,2,0,13,2,2,2,125
50710,0,7,Mobile Phone,3,15,Debit Card,Female,3,3,Laptop & Accessory,3,Divorced,2,0,20,1,1,3,157
50711,0,8,Phone,2,14,COD,Male,3,3,Mobile Phone,3,Single,2,0,17,0,1,4,143
50712,1,0,Mobile Phone,3,29,Debit Card,Female,2,4,Fashion,5,Divorced,2,0,13,0,3,10,173
50713,0,13,Computer,1,15,Credit Card,Female,2,3,Fashion,3,Single,10,0,17,0,NULL,13,235
50714,1,5,Computer,3,18,Debit Card,Male,2,3,Grocery,5,Single,1,1,12,7,NULL,14,238
50715,0,15,Mobile Phone,3,10,E wallet,Male,2,3,Laptop & Accessory,5,Single,8,0,13,1,1,5,152
50716,0,NULL,Phone,1,6,CC,Male,2,4,Mobile,3,Divorced,7,0,12,1,1,7,123
50717,0,0,Phone,1,30,Credit Card,Male,2,3,Mobile Phone,4,Single,9,0,22,1,1,2,136
50718,1,0,Phone,1,NULL,Debit Card,Female,3,3,Mobile,2,Divorced,2,1,11,1,1,0,125
50719,0,0,Phone,1,9,Credit Card,Male,2,1,Mobile Phone,2,Divorced,2,0,22,1,1,7,144
50720,0,3,Mobile Phone,3,16,E wallet,Male,3,4,Laptop & Accessory,3,Divorced,2,0,18,1,1,4,166
50721,0,13,Computer,1,32,Credit Card,Female,3,4,Laptop & Accessory,2,Divorced,4,1,13,1,1,0,144
50722,0,8,Mobile Phone,1,8,Debit Card,Male,2,4,Fashion,4,Married,3,0,18,6,6,4,203
50723,0,7,Computer,1,6,Credit Card,Male,3,4,Laptop & Accessory,5,Single,1,0,20,1,4,9,153
50724,0,8,Computer,1,NULL,UPI,Male,2,4,Mobile,2,Divorced,2,0,13,2,2,2,124
50725,1,6,Mobile Phone,3,15,E wallet,Female,2,5,Laptop & Accessory,3,Single,9,0,13,1,1,3,153
50726,0,5,Computer,3,8,Debit Card,Female,NULL,3,Mobile,5,Married,2,0,12,0,1,0,128
50727,0,29,Mobile Phone,1,10,Cash on Delivery,Female,3,3,Others,5,Married,5,0,NULL,0,4,2,299
50728,0,2,Phone,1,12,CC,Female,NULL,3,Mobile,2,Divorced,2,0,13,0,1,8,131
50729,0,0,Phone,1,NULL,Debit Card,Male,2,3,Mobile,5,Single,2,0,25,0,1,0,126
50730,0,18,Phone,1,13,Credit Card,Female,2,3,Mobile Phone,3,Divorced,5,1,19,1,1,2,145
50731,0,10,Mobile Phone,1,6,Debit Card,Female,2,4,Laptop & Accessory,2,Divorced,2,0,13,3,3,11,165
50732,0,0,Phone,1,9,Debit Card,Male,NULL,4,Mobile,3,Single,2,0,12,0,1,2,130
50733,1,7,Phone,1,16,Debit Card,Male,NULL,3,Mobile,3,Single,2,1,11,1,1,2,129
50734,0,26,Mobile Phone,1,13,Credit Card,Female,2,3,Others,3,Married,4,0,18,NULL,4,7,286
50735,0,NULL,Phone,1,21,Debit Card,Female,3,5,Mobile,2,Divorced,1,1,18,1,1,3,122
50736,1,0,Computer,1,9,Debit Card,Male,NULL,4,Mobile,2,Divorced,1,1,11,0,1,0,129
50737,0,19,Mobile Phone,3,8,E wallet,Female,3,3,Grocery,5,Divorced,9,0,23,NULL,15,9,270
50738,0,NULL,Computer,1,23,Debit Card,Male,3,5,Mobile,3,Single,3,0,13,1,1,0,123
50739,0,6,Phone,2,8,UPI,Male,2,3,Mobile Phone,3,Divorced,2,0,13,0,1,4,136
50740,1,NULL,Computer,1,11,Debit Card,Male,3,4,Mobile,5,Married,7,0,17,1,1,0,121
50741,0,3,Phone,3,35,Debit Card,Male,3,3,Laptop & Accessory,5,Married,9,0,19,1,1,3,141
50742,0,13,Computer,3,8,Credit Card,Male,3,3,Laptop & Accessory,4,Divorced,6,0,12,1,1,0,143
50743,0,23,Computer,1,8,Credit Card,Female,1,3,Grocery,5,Divorced,3,0,22,NULL,2,2,279
50744,0,1,Phone,1,25,CC,Male,3,4,Mobile,5,Divorced,2,0,12,1,3,3,132
50745,0,19,Mobile Phone,1,21,Debit Card,Male,2,3,Others,4,Divorced,6,0,11,NULL,1,3,291
50746,0,8,Mobile Phone,3,23,Debit Card,Male,3,3,Laptop & Accessory,5,Divorced,4,1,15,1,1,7,190
50747,1,NULL,Phone,1,23,Debit Card,Female,3,3,Mobile,4,Divorced,2,0,13,0,1,0,122
50748,0,6,Computer,3,31,Credit Card,Female,2,3,Laptop & Accessory,3,Divorced,2,0,12,0,1,1,145
50749,0,9,Phone,1,12,Debit Card,Male,NULL,5,Mobile,3,Married,2,0,14,0,1,7,127
50750,0,3,Phone,1,13,Debit Card,Male,2,3,Laptop & Accessory,3,Married,2,0,13,8,8,9,135
50751,0,17,Phone,1,35,UPI,Male,2,3,Laptop & Accessory,2,Single,2,0,25,1,1,17,145
50752,0,0,Phone,3,27,E wallet,Male,NULL,1,Mobile,2,Single,2,0,17,0,2,2,127
50753,0,19,Mobile Phone,1,8,COD,Male,2,3,Laptop & Accessory,2,Married,3,0,11,1,1,4,174
50754,0,15,Computer,2,8,Credit Card,Male,3,1,Laptop & Accessory,5,Divorced,8,0,16,0,1,3,163
50755,0,30,Mobile Phone,3,13,E wallet,Male,2,1,Laptop & Accessory,2,Married,1,1,18,0,1,9,152
50756,0,5,Computer,1,19,UPI,Female,NULL,4,Mobile,4,Divorced,2,0,20,0,2,2,127
50757,0,5,Computer,1,8,Debit Card,Female,2,3,Laptop & Accessory,3,Single,5,1,14,1,1,7,150
50758,0,9,Mobile Phone,1,6,Cash on Delivery,Female,3,5,Fashion,5,Married,3,1,21,5,7,7,203
50759,0,6,Phone,1,15,CC,Male,NULL,3,Mobile,2,Divorced,1,0,13,1,4,10,128
50760,0,13,Mobile Phone,3,16,COD,Female,2,4,Laptop & Accessory,4,Married,8,0,12,1,1,3,169
50761,0,0,Phone,3,16,Debit Card,Male,2,3,Laptop & Accessory,2,Single,1,0,14,0,1,1,150
50762,0,3,Phone,1,6,Credit Card,Male,3,3,Mobile Phone,4,Divorced,1,1,21,1,5,7,136
50763,0,15,Computer,1,32,Credit Card,Female,2,3,Fashion,5,Divorced,4,1,17,0,NULL,0,232
50764,0,8,Computer,3,14,E wallet,Female,3,4,Fashion,2,Divorced,5,1,11,2,4,12,204
50765,0,NULL,Phone,1,20,Debit Card,Male,2,3,Mobile,5,Divorced,2,1,14,2,6,8,122
50766,0,27,Computer,1,6,Debit Card,Female,2,3,Fashion,3,Married,8,0,17,1,1,4,205
50767,0,NULL,Mobile Phone,1,8,Debit Card,Female,3,1,Mobile,2,Divorced,2,0,13,6,7,7,120
50768,1,NULL,Computer,1,16,CC,Female,3,4,Mobile Phone,4,Single,2,1,25,1,1,0,119
50769,0,2,Phone,1,6,Debit Card,Female,3,3,Mobile Phone,2,Married,2,0,15,0,1,2,138
50770,0,27,Mobile Phone,1,9,Debit Card,Male,2,3,Grocery,2,Divorced,4,0,14,NULL,1,9,278
50771,0,4,Mobile Phone,1,17,Credit Card,Male,3,3,Laptop & Accessory,5,Divorced,2,1,12,0,1,1,168
50772,0,4,Mobile Phone,1,30,Credit Card,Female,3,4,Laptop & Accessory,5,Single,2,0,19,0,1,8,168
50773,0,30,Mobile Phone,3,9,Debit Card,Female,2,4,Laptop & Accessory,2,Single,6,0,17,0,1,5,152
50774,0,16,Mobile Phone,1,9,Debit Card,Male,3,5,Others,2,Divorced,4,0,NULL,1,1,7,297
50775,0,22,Mobile Phone,1,10,Credit Card,Male,2,4,Others,3,Divorced,3,0,13,NULL,1,0,287
50776,0,9,Computer,1,9,COD,Male,2,3,Mobile Phone,4,Divorced,2,0,12,1,1,7,137
50777,0,21,Phone,1,NULL,COD,Male,3,1,Mobile,4,Single,6,0,11,0,1,0,126
50778,0,0,Phone,1,NULL,Debit Card,Male,3,3,Mobile,3,Married,2,0,11,1,1,3,125
50779,0,2,Mobile Phone,1,13,Debit Card,Male,2,3,Laptop & Accessory,2,Married,2,1,11,0,1,0,166
50780,0,21,Mobile Phone,1,6,Debit Card,Male,3,4,Others,2,Single,7,0,12,NULL,1,0,283
50781,0,2,Mobile Phone,1,6,Debit Card,Female,2,4,Grocery,2,Married,4,0,14,NULL,1,7,261
50782,0,7,Phone,1,NULL,COD,Female,2,1,Mobile,3,Divorced,1,0,17,1,1,0,126
50783,0,17,Mobile Phone,3,11,E wallet,Male,2,3,Others,4,Divorced,8,0,11,NULL,3,10,282
50784,0,6,Mobile Phone,3,16,E wallet,Male,2,1,Fashion,3,Married,1,1,14,1,1,8,184
50785,0,0,Phone,1,31,Debit Card,Female,NULL,1,Mobile,2,Single,2,1,12,1,1,1,130
50786,0,NULL,Mobile Phone,1,6,Debit Card,Male,2,3,Mobile Phone,3,Divorced,2,0,22,0,1,1,112
50787,1,0,Computer,3,30,Debit Card,Male,3,5,Mobile Phone,2,Single,2,1,14,1,1,0,111
50788,0,0,Phone,1,10,Debit Card,Male,NULL,3,Mobile,2,Single,2,1,20,0,2,2,129
50789,1,8,Mobile Phone,3,8,E wallet,Female,3,5,Others,4,Single,3,1,16,NULL,1,11,288
50790,0,28,Computer,1,14,Credit Card,Male,2,4,Grocery,4,Married,2,1,15,3,NULL,0,236
50791,1,0,Computer,1,NULL,Debit Card,Female,2,4,Mobile,3,Single,2,0,20,2,2,2,126
50792,0,19,Mobile Phone,3,10,E wallet,Female,2,4,Others,4,Divorced,3,0,14,NULL,1,8,288
50793,0,7,Phone,3,8,E wallet,Female,2,3,Laptop & Accessory,5,Single,1,1,12,1,1,2,145
50794,0,24,Computer,3,15,Debit Card,Male,2,3,Others,4,Married,5,1,NULL,2,11,10,298
50795,0,30,Mobile Phone,1,24,Credit Card,Male,3,3,Fashion,2,Single,7,0,12,1,5,4,205
50796,0,7,Computer,1,25,Credit Card,Female,2,3,Laptop & Accessory,4,Married,5,0,13,3,5,10,144
50797,0,NULL,Computer,1,6,CC,Male,2,3,Mobile,3,Single,1,1,11,0,1,2,122
50798,0,17,Mobile Phone,1,10,Debit Card,Male,3,1,Others,5,Married,2,0,14,NULL,14,13,292
50799,0,7,Computer,2,17,Debit Card,Male,2,4,Laptop & Accessory,4,Divorced,5,0,11,0,1,8,145
50800,0,8,Phone,1,12,Debit Card,Male,3,3,Mobile,3,Divorced,1,1,14,1,2,2,135
50801,0,15,Phone,1,NULL,CC,Female,3,1,Laptop & Accessory,4,Divorced,7,1,16,0,1,0,124
50802,0,16,Mobile Phone,3,10,E wallet,Female,2,4,Fashion,2,Single,4,0,14,10,15,17,202
50803,0,9,Mobile Phone,1,8,Debit Card,Female,2,3,Laptop & Accessory,4,Single,10,1,11,4,5,12,154
50804,1,7,Mobile Phone,1,21,Credit Card,Female,3,3,Fashion,2,Divorced,2,0,11,0,1,5,180
50805,0,1,Computer,1,8,Debit Card,Male,2,4,Mobile Phone,2,Divorced,2,1,12,2,2,2,139
50806,0,24,Computer,1,12,CC,Female,NULL,4,Mobile,3,Single,1,0,14,7,7,7,128
50807,0,3,Computer,1,15,Credit Card,Female,3,3,Laptop & Accessory,3,Single,8,1,18,1,1,7,147
50808,1,0,Phone,1,13,COD,Female,2,3,Mobile,3,Married,4,1,13,1,7,7,133
50809,0,NULL,Phone,1,6,Cash on Delivery,Male,2,3,Mobile,5,Single,3,0,11,0,1,2,121
50810,0,NULL,Phone,1,6,CC,Female,2,3,Mobile,4,Single,2,0,18,1,2,1,121
50811,0,5,Mobile Phone,3,14,Credit Card,Male,2,1,Laptop & Accessory,2,Divorced,2,0,15,0,1,8,162
50812,0,18,Computer,1,31,Credit Card,Female,2,3,Others,4,Single,4,0,22,NULL,1,0,281
50813,0,12,Mobile Phone,1,19,Credit Card,Female,3,4,Grocery,4,Married,7,1,13,NULL,15,2,271
50814,0,30,Phone,1,NULL,Debit Card,Male,2,3,Mobile,3,Married,2,0,12,2,2,2,124
50815,1,0,Phone,1,13,Debit Card,Male,3,3,Laptop & Accessory,3,Divorced,2,0,18,1,1,1,149
50816,1,2,Phone,1,29,Credit Card,Male,3,3,Mobile Phone,5,Single,1,0,13,0,1,3,139
50817,0,3,Phone,1,12,COD,Female,2,4,Laptop & Accessory,2,Divorced,1,0,12,5,6,7,146
50818,0,9,Mobile Phone,1,16,COD,Female,3,3,Fashion,3,Divorced,4,0,12,0,1,7,171
50819,0,19,Phone,2,6,Debit Card,Female,2,3,Mobile,5,Single,7,0,12,3,5,7,134
50820,0,1,Computer,1,6,Debit Card,Female,2,5,Laptop & Accessory,2,Divorced,1,0,11,7,7,5,167
50821,0,23,Mobile Phone,1,34,Debit Card,Female,2,3,Grocery,5,Divorced,5,1,11,NULL,1,2,269
50822,1,3,Mobile Phone,3,31,E wallet,Male,2,4,Fashion,4,Single,3,1,12,0,1,0,191
50823,1,15,Mobile Phone,3,11,Debit Card,Male,3,3,Fashion,4,Single,10,1,19,5,7,7,184
50824,0,3,Mobile Phone,1,23,Credit Card,Female,3,3,Fashion,5,Divorced,2,1,23,0,1,NULL,219
50825,0,12,Phone,1,24,Debit Card,Male,2,3,Laptop & Accessory,3,Single,1,0,11,0,1,7,145
50826,0,4,Computer,3,8,Debit Card,Female,2,3,Fashion,3,Married,2,1,19,3,9,6,199
50827,0,14,Computer,3,16,Credit Card,Male,2,5,Laptop & Accessory,4,Single,2,0,13,3,11,9,162
50828,1,NULL,Computer,3,6,Debit Card,Female,2,3,Mobile,4,Single,2,1,11,1,2,2,123
50829,1,7,Phone,1,NULL,Debit Card,Male,2,3,Mobile,5,Divorced,5,0,12,1,1,2,124
50830,0,15,Computer,1,8,Debit Card,Male,2,3,Grocery,3,Divorced,1,1,13,NULL,2,10,279
50831,0,28,Mobile Phone,1,8,Credit Card,Female,2,5,Others,3,Divorced,5,0,14,NULL,9,11,292
50832,0,29,Mobile Phone,2,14,Debit Card,Male,2,3,Others,4,Single,7,0,NULL,1,7,7,297
50833,0,13,Computer,1,22,Debit Card,Male,3,3,Mobile,3,Married,10,0,16,1,1,0,135
50834,0,7,Mobile Phone,1,15,Debit Card,Male,2,3,Fashion,2,Married,1,0,11,1,1,6,185
50835,0,13,Phone,1,8,Debit Card,Male,3,3,Laptop & Accessory,2,Single,2,0,13,3,8,8,147
50836,0,14,Computer,3,6,E wallet,Female,3,3,Laptop & Accessory,5,Married,1,0,17,0,1,7,141
50837,0,8,Computer,1,10,Debit Card,Male,2,3,Laptop & Accessory,3,Single,2,1,11,1,1,1,142
50838,0,24,Mobile Phone,2,11,Debit Card,Male,2,3,Grocery,4,Married,2,1,11,1,NULL,10,240
50839,0,11,Mobile Phone,3,8,Debit Card,Female,2,3,Laptop & Accessory,5,Married,4,0,15,0,1,7,169
50840,0,7,Mobile Phone,3,21,Credit Card,Female,3,3,Laptop & Accessory,5,Single,2,0,12,1,9,6,161
50841,0,0,Phone,1,25,Credit Card,Male,3,3,Mobile Phone,2,Divorced,4,0,11,1,1,2,137
50842,1,20,Mobile Phone,1,13,Credit Card,Female,2,4,Fashion,5,Divorced,8,1,14,4,5,9,200
50843,0,13,Phone,1,NULL,Debit Card,Male,2,3,Mobile,4,Divorced,4,0,22,1,1,3,124
50844,0,9,Computer,3,13,E wallet,Female,2,1,Laptop & Accessory,5,Divorced,3,0,16,5,6,13,146
50845,0,21,Mobile Phone,1,10,Debit Card,Male,2,3,Fashion,2,Single,2,0,11,1,1,8,179
50846,0,0,Phone,3,NULL,CC,Female,3,1,Mobile,2,Divorced,9,0,14,1,1,0,125
50847,0,24,Mobile Phone,1,17,Cash on Delivery,Female,2,4,Grocery,4,Single,4,0,16,0,1,NULL,231
50848,0,NULL,Computer,1,6,Debit Card,Female,3,3,Mobile Phone,2,Single,2,0,15,1,1,0,116
50849,0,8,Mobile Phone,1,6,Credit Card,Female,2,4,Laptop & Accessory,2,Divorced,1,0,12,1,1,0,154
50850,0,0,Computer,3,8,Debit Card,Male,2,5,Laptop & Accessory,2,Single,4,0,20,1,1,0,151
50851,1,18,Mobile Phone,3,19,E wallet,Male,2,1,Grocery,3,Single,7,1,17,2,NULL,8,237
50852,0,29,Mobile Phone,1,29,Debit Card,Male,3,3,Grocery,4,Divorced,5,1,12,11,NULL,9,234
50853,0,NULL,Computer,1,32,Cash on Delivery,Female,3,4,Mobile,3,Married,2,0,20,1,1,0,120
50854,0,13,Mobile Phone,1,8,Credit Card,Female,2,1,Laptop & Accessory,3,Married,6,0,20,5,11,8,164
50855,0,7,Mobile Phone,1,35,Credit Card,Male,2,3,Laptop & Accessory,3,Divorced,5,0,13,0,7,7,154
50856,1,0,Computer,3,8,Debit Card,Female,NULL,4,Mobile,2,Single,8,0,14,0,1,0,128
50857,1,0,Computer,3,24,E wallet,Female,3,3,Laptop & Accessory,3,Divorced,1,1,18,3,3,2,146
50858,0,11,Computer,1,NULL,Debit Card,Male,2,1,Mobile,3,Married,2,0,11,0,1,3,126
50859,0,7,Mobile Phone,1,8,COD,Female,3,3,Laptop & Accessory,2,Single,2,0,11,1,4,11,167
50860,0,1,Phone,3,32,Debit Card,Male,2,4,Laptop & Accessory,5,Divorced,2,0,11,1,1,4,147
50861,1,0,Mobile Phone,1,28,Credit Card,Male,3,3,Laptop & Accessory,3,Divorced,2,1,15,3,6,7,162
50862,0,12,Mobile Phone,3,27,Debit Card,Male,2,4,Laptop & Accessory,2,Divorced,4,1,12,0,1,4,161
50863,0,24,Computer,3,8,E wallet,Male,2,3,Fashion,4,Divorced,3,0,11,0,3,2,206
50864,0,14,Computer,1,28,Debit Card,Female,3,3,Laptop & Accessory,2,Married,4,1,14,0,3,3,155
50865,0,10,Phone,1,10,Debit Card,Male,NULL,3,Mobile,3,Divorced,8,1,15,1,1,3,130
50866,0,6,Computer,3,11,Debit Card,Male,3,3,Laptop & Accessory,2,Divorced,7,0,13,1,1,2,200
50867,0,5,Phone,3,8,E wallet,Male,2,3,Laptop & Accessory,4,Divorced,1,1,13,0,1,2,141
50868,0,12,Computer,1,31,Debit Card,Male,3,3,Fashion,3,Divorced,4,0,21,0,1,5,209
50869,0,0,Mobile Phone,3,24,Debit Card,Male,3,1,Laptop & Accessory,3,Divorced,3,0,11,0,1,2,162
50870,0,25,Computer,1,34,Credit Card,Female,2,1,Grocery,3,Divorced,3,1,11,0,NULL,2,232
50871,0,16,Phone,1,12,Credit Card,Female,3,4,Laptop & Accessory,3,Single,2,1,14,1,1,8,141
50872,0,0,Mobile Phone,3,16,E wallet,Female,3,4,Laptop & Accessory,2,Divorced,2,1,11,2,4,4,158
50873,1,0,Phone,1,NULL,Debit Card,Female,2,3,Mobile,3,Single,2,1,13,3,7,7,124
50874,0,0,Phone,1,8,Credit Card,Male,2,4,Mobile Phone,2,Single,1,0,12,0,1,1,139
50875,0,15,Mobile Phone,2,16,UPI,Female,2,3,Grocery,5,Divorced,1,0,14,NULL,1,9,268
50876,0,25,Phone,1,14,UPI,Female,NULL,3,Mobile,5,Divorced,10,0,13,1,1,4,130
50877,0,10,Phone,1,17,Credit Card,Female,3,3,Mobile Phone,3,Single,5,0,18,0,1,2,136
50878,0,8,Computer,1,24,Debit Card,Male,2,3,Fashion,2,Single,3,0,11,0,2,2,194
50879,0,0,Phone,1,6,COD,Male,2,3,Mobile,2,Divorced,5,0,11,1,1,2,132
50880,0,0,Phone,1,13,UPI,Male,3,1,Mobile Phone,5,Single,1,0,12,1,1,7,136
50881,0,2,Mobile Phone,2,23,UPI,Male,2,4,Fashion,5,Single,2,0,13,0,1,9,180
50882,1,0,Computer,1,34,Debit Card,Male,3,4,Laptop & Accessory,5,Single,4,0,20,0,1,3,143
50883,1,0,Computer,1,20,UPI,Female,2,3,Fashion,2,Single,1,1,12,2,7,7,176
50884,0,27,Mobile Phone,1,6,Credit Card,Female,2,3,Grocery,2,Single,7,0,19,NULL,12,7,273
50885,0,30,Mobile Phone,1,6,Credit Card,Female,3,3,Others,5,Divorced,4,1,NULL,1,1,5,297
50886,0,28,Mobile Phone,1,6,Credit Card,Male,2,1,Grocery,2,Married,3,0,13,1,NULL,0,247
50887,0,9,Mobile Phone,3,9,E wallet,Female,2,3,Laptop & Accessory,4,Single,4,1,16,0,1,1,193
50888,1,NULL,Computer,3,6,Debit Card,Female,2,5,Mobile Phone,3,Single,2,0,12,1,1,0,114
50889,0,3,Phone,3,13,E wallet,Female,3,3,Laptop & Accessory,5,Married,8,0,14,1,1,2,148
50890,0,4,Mobile Phone,1,14,Debit Card,Female,3,3,Grocery,4,Single,4,0,11,NULL,1,0,264
50891,0,7,Computer,1,6,UPI,Male,NULL,3,Mobile,5,Married,6,0,14,1,1,3,130
50892,1,NULL,Mobile Phone,1,14,Debit Card,Female,2,4,Mobile Phone,4,Single,2,0,12,0,1,0,113
50893,0,NULL,Phone,1,17,Debit Card,Male,3,3,Mobile,5,Divorced,1,0,14,1,1,4,121
50894,0,9,Mobile Phone,1,10,Debit Card,Male,2,4,Laptop & Accessory,2,Single,2,0,16,1,1,8,158
50895,0,9,Mobile Phone,3,22,E wallet,Female,3,4,Laptop & Accessory,5,Divorced,5,0,13,1,1,2,156
50896,0,20,Phone,1,6,COD,Male,3,3,Mobile,2,Divorced,8,0,12,1,1,2,134
50897,1,0,Phone,3,15,Debit Card,Male,3,4,Mobile Phone,5,Divorced,4,0,12,1,2,2,144
50898,0,10,Computer,1,11,COD,Male,2,1,Mobile,3,Single,1,0,14,1,1,3,135
50899,0,NULL,Phone,1,6,Debit Card,Female,2,3,Mobile,5,Divorced,3,0,22,1,1,0,121
50900,0,20,Mobile Phone,1,8,Credit Card,Female,2,3,Grocery,3,Divorced,4,0,19,NULL,5,6,272
50901,0,0,Phone,3,10,Credit Card,Female,2,3,Laptop & Accessory,3,Divorced,2,1,12,1,1,3,142
50902,0,5,Mobile Phone,3,13,E wallet,Male,3,3,Laptop & Accessory,2,Divorced,5,0,12,1,1,3,192
50903,0,7,Phone,1,6,Debit Card,Female,2,4,Mobile,4,Divorced,6,0,17,1,1,2,133
50904,0,NULL,Phone,1,11,CC,Male,2,1,Mobile,3,Divorced,3,1,12,1,1,3,121
50905,0,13,Computer,1,15,UPI,Male,2,3,Laptop & Accessory,3,Married,4,0,11,1,1,7,140
50906,0,4,Mobile Phone,3,14,Debit Card,Male,2,3,Fashion,2,Married,2,0,18,2,9,9,208
50907,1,9,Mobile Phone,3,15,E wallet,Male,2,3,Fashion,1,Married,5,0,11,0,4,3,201
50908,1,2,Computer,1,8,Debit Card,Female,2,4,Mobile Phone,5,Single,3,1,23,0,1,0,136
50909,1,0,Computer,1,6,Debit Card,Female,3,1,Fashion,4,Single,2,0,11,3,4,7,174
50910,0,18,Mobile Phone,1,26,Credit Card,Male,3,5,Fashion,5,Married,3,1,18,0,1,7,209
50911,0,NULL,Phone,2,14,CC,Female,3,1,Mobile,4,Single,10,0,18,0,1,2,121
50912,1,0,Computer,1,8,Debit Card,Male,3,3,Mobile Phone,1,Divorced,7,1,13,2,2,2,137
50913,0,18,Mobile Phone,1,35,Cash on Delivery,Male,2,3,Fashion,1,Divorced,5,1,18,1,1,2,194
50914,0,21,Mobile Phone,3,13,E wallet,Male,3,3,Laptop & Accessory,5,Married,5,0,11,1,2,2,155
50915,1,0,Phone,2,15,COD,Female,NULL,3,Mobile,3,Divorced,2,0,15,1,2,2,127
50916,0,13,Computer,1,14,Credit Card,Male,2,4,Fashion,4,Married,3,0,11,1,NULL,8,238
50917,0,1,Mobile Phone,3,11,Credit Card,Male,2,3,Laptop & Accessory,5,Single,1,0,18,1,1,3,185
50918,0,17,Computer,1,11,Debit Card,Male,NULL,4,Mobile,3,Single,4,0,14,0,1,3,132
50919,0,26,Mobile Phone,1,8,Credit Card,Male,2,1,Grocery,4,Single,5,0,12,NULL,8,8,266
50920,0,22,Mobile Phone,1,11,COD,Male,3,3,Laptop & Accessory,3,Divorced,3,0,14,0,1,2,167
50921,0,13,Phone,1,NULL,CC,Male,3,3,Mobile,3,Married,3,0,14,0,1,2,123
50922,0,17,Phone,1,26,Debit Card,Male,2,3,Mobile,4,Single,2,0,13,1,1,3,134
50923,0,6,Computer,3,13,Credit Card,Male,2,3,Laptop & Accessory,5,Divorced,1,0,14,0,1,3,144
50924,0,7,Phone,3,9,UPI,Male,2,5,Laptop & Accessory,5,Single,4,0,18,2,3,12,148
50925,0,3,Mobile Phone,3,22,Debit Card,Male,3,3,Laptop & Accessory,3,Divorced,9,0,15,0,2,2,153
50926,0,15,Computer,1,15,Credit Card,Female,3,3,Mobile Phone,1,Single,2,0,13,4,5,8,137
50927,0,17,Computer,3,6,E wallet,Female,3,3,Laptop & Accessory,3,Divorced,8,0,12,1,1,0,148
50928,0,NULL,Computer,1,13,Cash on Delivery,Male,3,3,Mobile Phone,3,Married,2,0,13,0,1,0,113
50929,0,50,Phone,1,6,Debit Card,Male,3,1,Laptop & Accessory,3,Divorced,1,0,24,1,2,8,149
50930,0,22,Mobile Phone,1,13,Debit Card,Male,2,3,Fashion,4,Married,4,0,14,0,1,7,205
50931,0,7,Computer,1,21,Credit Card,Male,3,3,Grocery,5,Married,8,0,14,NULL,6,9,270
50932,1,0,Computer,3,6,COD,Male,NULL,3,Mobile,3,Divorced,4,0,15,1,1,2,129
50933,1,0,Computer,3,19,COD,Female,2,3,Laptop & Accessory,4,Single,6,0,11,0,1,0,158
50934,1,0,Phone,3,30,Credit Card,Female,2,4,Laptop & Accessory,4,Single,1,1,23,2,10,10,146
50935,0,8,Phone,3,NULL,Debit Card,Male,3,3,Mobile,3,Divorced,2,0,13,1,1,0,124
50936,1,0,Computer,1,15,CC,Male,2,3,Mobile,5,Single,3,1,11,0,1,0,132
50937,0,NULL,Computer,3,19,Debit Card,Female,3,3,Mobile,4,Divorced,2,0,13,0,1,0,120
50938,0,17,Computer,1,8,Credit Card,Male,2,3,Fashion,3,Single,6,1,18,0,2,2,202
50939,0,2,Mobile Phone,3,25,Debit Card,Male,3,4,Laptop & Accessory,3,Married,2,0,14,1,1,4,186
50940,0,NULL,Phone,2,6,Debit Card,Male,2,3,Mobile,3,Married,1,0,21,0,1,3,121
50941,0,28,Phone,1,10,Debit Card,Male,1,3,Laptop & Accessory,3,Divorced,1,1,16,0,1,2,140
50942,0,6,Phone,1,10,Credit Card,Female,2,4,Mobile Phone,4,Divorced,9,0,11,0,1,2,138
50943,0,20,Phone,3,20,Credit Card,Female,3,3,Laptop & Accessory,3,Divorced,4,1,17,1,1,2,146
50944,1,0,Computer,1,NULL,CC,Male,2,4,Mobile,5,Single,8,0,11,0,1,0,126
50945,0,NULL,Mobile Phone,1,6,Debit Card,Male,3,4,Mobile Phone,3,Married,2,0,14,0,1,0,116
50946,0,1,Computer,3,13,Debit Card,Male,2,3,Laptop & Accessory,5,Single,1,0,14,1,1,3,149
50947,0,22,Phone,1,9,Credit Card,Female,2,4,Laptop & Accessory,5,Divorced,5,0,25,1,1,2,148
50948,0,2,Computer,1,8,Debit Card,Female,3,3,Mobile,4,Divorced,1,0,13,0,1,2,132
50949,0,1,Mobile Phone,1,35,Debit Card,Male,3,5,Laptop & Accessory,4,Divorced,2,0,14,1,1,7,165
50950,0,6,Mobile Phone,1,14,Debit Card,Male,3,3,Laptop & Accessory,3,Single,3,1,17,0,1,0,164
50951,0,5,Mobile Phone,1,16,Credit Card,Male,0,3,Fashion,1,Single,3,0,25,0,1,NULL,212
50952,0,27,Computer,1,17,Credit Card,Female,2,3,Grocery,1,Married,4,0,20,1,NULL,12,260
50953,1,0,Phone,1,NULL,COD,Male,3,4,Mobile,5,Single,7,0,13,0,1,7,124
50954,0,17,Mobile Phone,1,34,Debit Card,Male,2,3,Grocery,5,Divorced,4,0,13,NULL,14,17,263
50955,0,12,Mobile Phone,1,12,Debit Card,Female,2,3,Fashion,4,Single,5,0,18,0,2,2,184
50956,0,19,Mobile Phone,3,9,Debit Card,Female,2,3,Grocery,4,Divorced,9,0,12,NULL,5,1,266
50957,0,8,Mobile Phone,1,22,Debit Card,Female,3,4,Fashion,4,Single,2,0,19,1,3,3,186
50958,0,NULL,Phone,1,26,Debit Card,Male,3,3,Laptop & Accessory,3,Single,1,0,14,1,1,2,123
50959,1,NULL,Mobile Phone,1,15,Debit Card,Male,2,3,Mobile,5,Single,4,0,14,1,1,0,120
50960,0,7,Mobile Phone,3,6,COD,Male,3,4,Fashion,3,Divorced,2,1,14,7,8,6,171
50961,1,0,Computer,1,9,Debit Card,Female,2,3,Mobile Phone,3,Single,2,0,12,6,7,7,141
50962,0,23,Computer,1,28,Credit Card,Male,2,5,Grocery,1,Single,2,1,13,13,NULL,9,244
50963,0,NULL,Phone,3,13,COD,Male,2,3,Mobile,3,Married,1,1,25,0,5,7,123
50964,0,15,Phone,1,8,Credit Card,Male,3,4,Mobile Phone,4,Married,5,0,14,1,1,0,148
50965,0,10,Phone,1,19,Credit Card,Male,2,3,Laptop & Accessory,1,Married,2,0,17,0,3,7,143
50966,0,2,Mobile Phone,1,14,UPI,Female,2,5,Laptop & Accessory,5,Married,4,0,13,0,1,7,197
50967,0,6,Phone,1,31,Debit Card,Male,2,4,Laptop & Accessory,4,Single,2,0,13,0,1,2,143
50968,0,NULL,Phone,1,34,Cash on Delivery,Male,3,3,Mobile,1,Married,5,0,20,1,1,3,121
50969,0,15,Computer,1,8,Debit Card,Male,2,3,Fashion,1,Married,3,1,14,12,13,9,201
50970,0,13,Mobile Phone,3,15,Credit Card,Male,2,3,Laptop & Accessory,5,Married,1,0,12,2,7,1,155
50971,0,6,Mobile Phone,1,34,Debit Card,Male,3,3,Laptop & Accessory,3,Married,2,1,12,1,5,7,152
50972,0,13,Mobile Phone,2,12,Credit Card,Male,2,3,Grocery,1,Single,2,1,21,NULL,7,7,264
50973,0,NULL,Phone,1,27,COD,Male,2,4,Mobile,5,Married,1,0,14,0,1,0,123
50974,0,13,Computer,1,14,Debit Card,Male,3,3,Laptop & Accessory,1,Married,4,1,18,2,2,2,141
50975,0,18,Mobile Phone,1,6,COD,Male,3,3,Fashion,4,Married,2,0,12,6,7,7,174
50976,0,8,Phone,3,NULL,Debit Card,Female,3,4,Mobile,3,Married,1,0,23,2,4,2,124
50977,0,5,Mobile Phone,1,11,Debit Card,Female,3,4,Laptop & Accessory,4,Married,4,0,12,1,2,5,159
50978,0,9,Phone,3,NULL,Debit Card,Male,3,3,Mobile,1,Single,4,1,21,0,1,2,126
50979,0,21,Mobile Phone,3,22,Debit Card,Female,3,3,Laptop & Accessory,3,Married,9,0,14,1,7,7,164
50980,0,2,Phone,1,NULL,Debit Card,Male,3,1,Mobile,3,Married,7,0,18,1,1,0,125
50981,0,6,Mobile Phone,3,14,Debit Card,Male,2,3,Laptop & Accessory,5,Married,3,0,13,2,2,2,164
50982,1,0,Mobile Phone,3,6,Debit Card,Male,3,4,Laptop & Accessory,5,Married,2,0,11,3,6,7,197
50983,0,11,Computer,2,16,UPI,Male,3,3,Laptop & Accessory,3,Married,4,0,11,0,1,2,161
50984,0,8,Phone,1,NULL,CC,Male,3,4,Mobile,5,Single,2,0,19,0,1,2,125
50985,0,3,Mobile Phone,3,35,COD,Male,2,3,Fashion,4,Married,4,0,12,0,1,3,193
50986,1,NULL,Phone,1,8,Debit Card,Female,3,3,Mobile,5,Married,2,1,12,1,1,0,121
50987,1,16,Mobile Phone,1,8,Cash on Delivery,Female,3,4,Fashion,1,Married,1,0,16,1,1,9,202
50988,1,1,Phone,1,8,Credit Card,Male,2,3,Laptop & Accessory,4,Married,5,0,11,0,1,4,149
50989,0,5,Computer,1,6,COD,Male,3,3,Laptop & Accessory,5,Married,5,0,14,1,1,2,141
50990,0,21,Phone,1,NULL,UPI,Female,3,3,Mobile,5,Married,9,0,12,7,7,6,124
50991,0,7,Phone,1,13,CC,Male,NULL,3,Mobile,1,Single,2,0,13,0,1,0,130
50992,0,28,Mobile Phone,3,32,E wallet,Male,2,4,Others,1,Married,2,0,NULL,2,2,13,296
50993,0,7,Mobile Phone,1,6,Debit Card,Male,2,3,Laptop & Accessory,1,Married,10,0,17,1,2,1,155
50994,0,NULL,Phone,1,9,Debit Card,Female,2,3,Mobile,1,Married,2,0,21,1,1,0,121
50995,0,11,Mobile Phone,3,20,Debit Card,Male,3,3,Laptop & Accessory,4,Married,1,0,11,5,7,7,199
50996,0,11,Phone,3,22,Debit Card,Female,2,3,Laptop & Accessory,4,Single,3,0,12,0,1,2,142
50997,0,9,Mobile Phone,3,6,Debit Card,Female,3,3,Laptop & Accessory,3,Single,7,0,13,1,1,0,168
50998,0,2,Phone,1,9,Credit Card,Male,2,3,Mobile Phone,5,Single,2,1,18,0,1,5,147
50999,0,8,Mobile Phone,1,16,Credit Card,Female,2,3,Laptop & Accessory,3,Single,4,1,16,1,1,4,161
51000,0,12,Mobile Phone,3,12,Credit Card,Male,2,1,Fashion,3,Married,3,0,11,4,7,6,182
